sample_id,category,text,source_dataset,source_detail,source_id,construction,language,original_clean_text
c43dbdd11819b115,code,"def show_prediction_labels_on_image(img_path, predictions):
    """"""
    Shows the face recognition results visually.

    :param img_path: path to image to be recognized
    :param predictions: results of the predict function
    :return:
    """"""
    pil_image = Image.open(img_path).convert(""RGB"")
    draw = ImageDraw.Draw(pil_image)

    for name, (top, right, bottom, left) in predictions:
        # Draw a box around the face using the Pillow module
        draw.rectangle(((left, top), (right, bottom)), outline=(0, 0, 255))

        # There's a bug in Pillow where it blows up with non-UTF-8 text
        # when using the default bitmap font
        name = name.encode(""UTF-8"")

        # Draw a label with a name below the face
        text_width, text_height = draw.textsize(name)
        draw.rectangle(((left, bottom - text_height - 10), (right, bottom)), fill=(0, 0, 255), outline=(0, 0, 255))
        draw.text((left + 6, bottom - text_height - 5), name, fill=(255, 255, 255, 255))

    # Remove the drawing library from memory as per the Pillow docs
    del draw

    # Display the resulting image
    pil_image.show()",CodeSearchNet,Python function,https://github.com/ageitgey/face_recognition/blob/c96b010c02f15e8eeb0f71308c641179ac1f19bb/examples/face_recognition_knn.py#L153-L181,natural/source,,
568cc1041ee8931f,code,"def _rect_to_css(rect):
    """"""
    Convert a dlib 'rect' object to a plain tuple in (top, right, bottom, left) order

    :param rect: a dlib 'rect' object
    :return: a plain tuple representation of the rect in (top, right, bottom, left) order
    """"""
    return rect.top(), rect.right(), rect.bottom(), rect.left()",CodeSearchNet,Python function,https://github.com/ageitgey/face_recognition/blob/c96b010c02f15e8eeb0f71308c641179ac1f19bb/face_recognition/api.py#L32-L39,natural/source,,
11e0781bf812e3cf,code,"def _trim_css_to_bounds(css, image_shape):
    """"""
    Make sure a tuple in (top, right, bottom, left) order is within the bounds of the image.

    :param css:  plain tuple representation of the rect in (top, right, bottom, left) order
    :param image_shape: numpy shape of the image array
    :return: a trimmed plain tuple representation of the rect in (top, right, bottom, left) order
    """"""
    return max(css[0], 0), min(css[1], image_shape[1]), min(css[2], image_shape[0]), max(css[3], 0)",CodeSearchNet,Python function,https://github.com/ageitgey/face_recognition/blob/c96b010c02f15e8eeb0f71308c641179ac1f19bb/face_recognition/api.py#L52-L60,natural/source,,
62645a72f1183e7b,code,"def face_distance(face_encodings, face_to_compare):
    """"""
    Given a list of face encodings, compare them to a known face encoding and get a euclidean distance
    for each comparison face. The distance tells you how similar the faces are.

    :param faces: List of face encodings to compare
    :param face_to_compare: A face encoding to compare against
    :return: A numpy ndarray with the distance for each face in the same order as the 'faces' array
    """"""
    if len(face_encodings) == 0:
        return np.empty((0))

    return np.linalg.norm(face_encodings - face_to_compare, axis=1)",CodeSearchNet,Python function,https://github.com/ageitgey/face_recognition/blob/c96b010c02f15e8eeb0f71308c641179ac1f19bb/face_recognition/api.py#L63-L75,natural/source,,
3579c0d0e2e58e25,code,"def load_image_file(file, mode='RGB'):
    """"""
    Loads an image file (.jpg, .png, etc) into a numpy array

    :param file: image file name or file object to load
    :param mode: format to convert the image to. Only 'RGB' (8-bit RGB, 3 channels) and 'L' (black and white) are supported.
    :return: image contents as numpy array
    """"""
    im = PIL.Image.open(file)
    if mode:
        im = im.convert(mode)
    return np.array(im)",CodeSearchNet,Python function,https://github.com/ageitgey/face_recognition/blob/c96b010c02f15e8eeb0f71308c641179ac1f19bb/face_recognition/api.py#L78-L89,natural/source,,
233c402a7119085d,code,"def _raw_face_locations(img, number_of_times_to_upsample=1, model=""hog""):
    """"""
    Returns an array of bounding boxes of human faces in a image

    :param img: An image (as a numpy array)
    :param number_of_times_to_upsample: How many times to upsample the image looking for faces. Higher numbers find smaller faces.
    :param model: Which face detection model to use. ""hog"" is less accurate but faster on CPUs. ""cnn"" is a more accurate
                  deep-learning model which is GPU/CUDA accelerated (if available). The default is ""hog"".
    :return: A list of dlib 'rect' objects of found face locations
    """"""
    if model == ""cnn"":
        return cnn_face_detector(img, number_of_times_to_upsample)
    else:
        return face_detector(img, number_of_times_to_upsample)",CodeSearchNet,Python function,https://github.com/ageitgey/face_recognition/blob/c96b010c02f15e8eeb0f71308c641179ac1f19bb/face_recognition/api.py#L92-L105,natural/source,,
e90cc83903e76082,code,"def face_locations(img, number_of_times_to_upsample=1, model=""hog""):
    """"""
    Returns an array of bounding boxes of human faces in a image

    :param img: An image (as a numpy array)
    :param number_of_times_to_upsample: How many times to upsample the image looking for faces. Higher numbers find smaller faces.
    :param model: Which face detection model to use. ""hog"" is less accurate but faster on CPUs. ""cnn"" is a more accurate
                  deep-learning model which is GPU/CUDA accelerated (if available). The default is ""hog"".
    :return: A list of tuples of found face locations in css (top, right, bottom, left) order
    """"""
    if model == ""cnn"":
        return [_trim_css_to_bounds(_rect_to_css(face.rect), img.shape) for face in _raw_face_locations(img, number_of_times_to_upsample, ""cnn"")]
    else:
        return [_trim_css_to_bounds(_rect_to_css(face), img.shape) for face in _raw_face_locations(img, number_of_times_to_upsample, model)]",CodeSearchNet,Python function,https://github.com/ageitgey/face_recognition/blob/c96b010c02f15e8eeb0f71308c641179ac1f19bb/face_recognition/api.py#L108-L121,natural/source,,
cc45e02a9e7c9fed,code,"def batch_face_locations(images, number_of_times_to_upsample=1, batch_size=128):
    """"""
    Returns an 2d array of bounding boxes of human faces in a image using the cnn face detector
    If you are using a GPU, this can give you much faster results since the GPU
    can process batches of images at once. If you aren't using a GPU, you don't need this function.

    :param img: A list of images (each as a numpy array)
    :param number_of_times_to_upsample: How many times to upsample the image looking for faces. Higher numbers find smaller faces.
    :param batch_size: How many images to include in each GPU processing batch.
    :return: A list of tuples of found face locations in css (top, right, bottom, left) order
    """"""
    def convert_cnn_detections_to_css(detections):
        return [_trim_css_to_bounds(_rect_to_css(face.rect), images[0].shape) for face in detections]

    raw_detections_batched = _raw_face_locations_batched(images, number_of_times_to_upsample, batch_size)

    return list(map(convert_cnn_detections_to_css, raw_detections_batched))",CodeSearchNet,Python function,https://github.com/ageitgey/face_recognition/blob/c96b010c02f15e8eeb0f71308c641179ac1f19bb/face_recognition/api.py#L135-L151,natural/source,,
041c0fd55b12c650,code,"def face_landmarks(face_image, face_locations=None, model=""large""):
    """"""
    Given an image, returns a dict of face feature locations (eyes, nose, etc) for each face in the image

    :param face_image: image to search
    :param face_locations: Optionally provide a list of face locations to check.
    :param model: Optional - which model to use. ""large"" (default) or ""small"" which only returns 5 points but is faster.
    :return: A list of dicts of face feature locations (eyes, nose, etc)
    """"""
    landmarks = _raw_face_landmarks(face_image, face_locations, model)
    landmarks_as_tuples = [[(p.x, p.y) for p in landmark.parts()] for landmark in landmarks]

    # For a definition of each point index, see https://cdn-images-1.medium.com/max/1600/1*AbEg31EgkbXSQehuNJBlWg.png
    if model == 'large':
        return [{
            ""chin"": points[0:17],
            ""left_eyebrow"": points[17:22],
            ""right_eyebrow"": points[22:27],
            ""nose_bridge"": points[27:31],
            ""nose_tip"": points[31:36],
            ""left_eye"": points[36:42],
            ""right_eye"": points[42:48],
            ""top_lip"": points[48:55] + [points[64]] + [points[63]] + [points[62]] + [points[61]] + [points[60]],
            ""bottom_lip"": points[54:60] + [points[48]] + [points[60]] + [points[67]] + [points[66]] + [points[65]] + [points[64]]
        } for points in landmarks_as_tuples]
    elif model == 'small':
        return [{
            ""nose_tip"": [points[4]],
            ""left_eye"": points[2:4],
            ""right_eye"": points[0:2],
        } for points in landmarks_as_tuples]
    else:
        raise ValueError(""Invalid landmarks model type. Supported models are ['small', 'large']."")",CodeSearchNet,Python function,https://github.com/ageitgey/face_recognition/blob/c96b010c02f15e8eeb0f71308c641179ac1f19bb/face_recognition/api.py#L168-L200,natural/source,,
0a272c4d3d267d30,code,"def face_encodings(face_image, known_face_locations=None, num_jitters=1):
    """"""
    Given an image, return the 128-dimension face encoding for each face in the image.

    :param face_image: The image that contains one or more faces
    :param known_face_locations: Optional - the bounding boxes of each face if you already know them.
    :param num_jitters: How many times to re-sample the face when calculating encoding. Higher is more accurate, but slower (i.e. 100 is 100x slower)
    :return: A list of 128-dimensional face encodings (one for each face in the image)
    """"""
    raw_landmarks = _raw_face_landmarks(face_image, known_face_locations, model=""small"")
    return [np.array(face_encoder.compute_face_descriptor(face_image, raw_landmark_set, num_jitters)) for raw_landmark_set in raw_landmarks]",CodeSearchNet,Python function,https://github.com/ageitgey/face_recognition/blob/c96b010c02f15e8eeb0f71308c641179ac1f19bb/face_recognition/api.py#L203-L213,natural/source,,
af497540500da05f,code,"def _int_size_to_type(size):
    """"""
    Return the Catalyst datatype from the size of integers.
    """"""
    if size <= 8:
        return ByteType
    if size <= 16:
        return ShortType
    if size <= 32:
        return IntegerType
    if size <= 64:
        return LongType",CodeSearchNet,Python function,https://github.com/apache/spark/blob/618d6bff71073c8c93501ab7392c3cc579730f0b/python/pyspark/sql/types.py#L944-L955,natural/source,,
01d913e02f79ef9b,code,"def _infer_type(obj):
    """"""Infer the DataType from obj
    """"""
    if obj is None:
        return NullType()

    if hasattr(obj, '__UDT__'):
        return obj.__UDT__

    dataType = _type_mappings.get(type(obj))
    if dataType is DecimalType:
        # the precision and scale of `obj` may be different from row to row.
        return DecimalType(38, 18)
    elif dataType is not None:
        return dataType()

    if isinstance(obj, dict):
        for key, value in obj.items():
            if key is not None and value is not None:
                return MapType(_infer_type(key), _infer_type(value), True)
        return MapType(NullType(), NullType(), True)
    elif isinstance(obj, list):
        for v in obj:
            if v is not None:
                return ArrayType(_infer_type(obj[0]), True)
        return ArrayType(NullType(), True)
    elif isinstance(obj, array):
        if obj.typecode in _array_type_mappings:
            return ArrayType(_array_type_mappings[obj.typecode](), False)
        else:
            raise TypeError(""not supported type: array(%s)"" % obj.typecode)
    else:
        try:
            return _infer_schema(obj)
        except TypeError:
            raise TypeError(""not supported type: %s"" % type(obj))",CodeSearchNet,Python function,https://github.com/apache/spark/blob/618d6bff71073c8c93501ab7392c3cc579730f0b/python/pyspark/sql/types.py#L1003-L1038,natural/source,,
41af4e9c319c8500,code,"def _infer_schema(row, names=None):
    """"""Infer the schema from dict/namedtuple/object""""""
    if isinstance(row, dict):
        items = sorted(row.items())

    elif isinstance(row, (tuple, list)):
        if hasattr(row, ""__fields__""):  # Row
            items = zip(row.__fields__, tuple(row))
        elif hasattr(row, ""_fields""):  # namedtuple
            items = zip(row._fields, tuple(row))
        else:
            if names is None:
                names = ['_%d' % i for i in range(1, len(row) + 1)]
            elif len(names) < len(row):
                names.extend('_%d' % i for i in range(len(names) + 1, len(row) + 1))
            items = zip(names, row)

    elif hasattr(row, ""__dict__""):  # object
        items = sorted(row.__dict__.items())

    else:
        raise TypeError(""Can not infer schema for type: %s"" % type(row))

    fields = [StructField(k, _infer_type(v), True) for k, v in items]
    return StructType(fields)",CodeSearchNet,Python function,https://github.com/apache/spark/blob/618d6bff71073c8c93501ab7392c3cc579730f0b/python/pyspark/sql/types.py#L1041-L1065,natural/source,,
d4e8af38a4d90cc9,code,"def _has_nulltype(dt):
    """""" Return whether there is NullType in `dt` or not """"""
    if isinstance(dt, StructType):
        return any(_has_nulltype(f.dataType) for f in dt.fields)
    elif isinstance(dt, ArrayType):
        return _has_nulltype((dt.elementType))
    elif isinstance(dt, MapType):
        return _has_nulltype(dt.keyType) or _has_nulltype(dt.valueType)
    else:
        return isinstance(dt, NullType)",CodeSearchNet,Python function,https://github.com/apache/spark/blob/618d6bff71073c8c93501ab7392c3cc579730f0b/python/pyspark/sql/types.py#L1068-L1077,natural/source,,
8b065ac63e7b7897,code,"def _create_converter(dataType):
    """"""Create a converter to drop the names of fields in obj """"""
    if not _need_converter(dataType):
        return lambda x: x

    if isinstance(dataType, ArrayType):
        conv = _create_converter(dataType.elementType)
        return lambda row: [conv(v) for v in row]

    elif isinstance(dataType, MapType):
        kconv = _create_converter(dataType.keyType)
        vconv = _create_converter(dataType.valueType)
        return lambda row: dict((kconv(k), vconv(v)) for k, v in row.items())

    elif isinstance(dataType, NullType):
        return lambda x: None

    elif not isinstance(dataType, StructType):
        return lambda x: x

    # dataType must be StructType
    names = [f.name for f in dataType.fields]
    converters = [_create_converter(f.dataType) for f in dataType.fields]
    convert_fields = any(_need_converter(f.dataType) for f in dataType.fields)

    def convert_struct(obj):
        if obj is None:
            return

        if isinstance(obj, (tuple, list)):
            if convert_fields:
                return tuple(conv(v) for v, conv in zip(obj, converters))
            else:
                return tuple(obj)

        if isinstance(obj, dict):
            d = obj
        elif hasattr(obj, ""__dict__""):  # object
            d = obj.__dict__
        else:
            raise TypeError(""Unexpected obj type: %s"" % type(obj))

        if convert_fields:
            return tuple([conv(d.get(name)) for name, conv in zip(names, converters)])
        else:
            return tuple([d.get(name) for name in names])

    return convert_struct",CodeSearchNet,Python function,https://github.com/apache/spark/blob/618d6bff71073c8c93501ab7392c3cc579730f0b/python/pyspark/sql/types.py#L1133-L1180,natural/source,,
2b95c52adef07d79,code,"def to_arrow_type(dt):
    """""" Convert Spark data type to pyarrow type
    """"""
    import pyarrow as pa
    if type(dt) == BooleanType:
        arrow_type = pa.bool_()
    elif type(dt) == ByteType:
        arrow_type = pa.int8()
    elif type(dt) == ShortType:
        arrow_type = pa.int16()
    elif type(dt) == IntegerType:
        arrow_type = pa.int32()
    elif type(dt) == LongType:
        arrow_type = pa.int64()
    elif type(dt) == FloatType:
        arrow_type = pa.float32()
    elif type(dt) == DoubleType:
        arrow_type = pa.float64()
    elif type(dt) == DecimalType:
        arrow_type = pa.decimal128(dt.precision, dt.scale)
    elif type(dt) == StringType:
        arrow_type = pa.string()
    elif type(dt) == BinaryType:
        arrow_type = pa.binary()
    elif type(dt) == DateType:
        arrow_type = pa.date32()
    elif type(dt) == TimestampType:
        # Timestamps should be in UTC, JVM Arrow timestamps require a timezone to be read
        arrow_type = pa.timestamp('us', tz='UTC')
    elif type(dt) == ArrayType:
        if type(dt.elementType) in [StructType, TimestampType]:
            raise TypeError(""Unsupported type in conversion to Arrow: "" + str(dt))
        arrow_type = pa.list_(to_arrow_type(dt.elementType))
    elif type(dt) == StructType:
        if any(type(field.dataType) == StructType for field in dt):
            raise TypeError(""Nested StructType not supported in conversion to Arrow"")
        fields = [pa.field(field.name, to_arrow_type(field.dataType), nullable=field.nullable)
                  for field in dt]
        arrow_type = pa.struct(fields)
    else:
        raise TypeError(""Unsupported type in conversion to Arrow: "" + str(dt))
    return arrow_type",CodeSearchNet,Python function,https://github.com/apache/spark/blob/618d6bff71073c8c93501ab7392c3cc579730f0b/python/pyspark/sql/types.py#L1581-L1622,natural/source,,
f18ef6afe4220874,code,"def to_arrow_schema(schema):
    """""" Convert a schema from Spark to Arrow
    """"""
    import pyarrow as pa
    fields = [pa.field(field.name, to_arrow_type(field.dataType), nullable=field.nullable)
              for field in schema]
    return pa.schema(fields)",CodeSearchNet,Python function,https://github.com/apache/spark/blob/618d6bff71073c8c93501ab7392c3cc579730f0b/python/pyspark/sql/types.py#L1625-L1631,natural/source,,
f02754faf875e864,code,"def from_arrow_type(at):
    """""" Convert pyarrow type to Spark data type.
    """"""
    import pyarrow.types as types
    if types.is_boolean(at):
        spark_type = BooleanType()
    elif types.is_int8(at):
        spark_type = ByteType()
    elif types.is_int16(at):
        spark_type = ShortType()
    elif types.is_int32(at):
        spark_type = IntegerType()
    elif types.is_int64(at):
        spark_type = LongType()
    elif types.is_float32(at):
        spark_type = FloatType()
    elif types.is_float64(at):
        spark_type = DoubleType()
    elif types.is_decimal(at):
        spark_type = DecimalType(precision=at.precision, scale=at.scale)
    elif types.is_string(at):
        spark_type = StringType()
    elif types.is_binary(at):
        spark_type = BinaryType()
    elif types.is_date32(at):
        spark_type = DateType()
    elif types.is_timestamp(at):
        spark_type = TimestampType()
    elif types.is_list(at):
        if types.is_timestamp(at.value_type):
            raise TypeError(""Unsupported type in conversion from Arrow: "" + str(at))
        spark_type = ArrayType(from_arrow_type(at.value_type))
    elif types.is_struct(at):
        if any(types.is_struct(field.type) for field in at):
            raise TypeError(""Nested StructType not supported in conversion from Arrow: "" + str(at))
        return StructType(
            [StructField(field.name, from_arrow_type(field.type), nullable=field.nullable)
             for field in at])
    else:
        raise TypeError(""Unsupported type in conversion from Arrow: "" + str(at))
    return spark_type",CodeSearchNet,Python function,https://github.com/apache/spark/blob/618d6bff71073c8c93501ab7392c3cc579730f0b/python/pyspark/sql/types.py#L1634-L1674,natural/source,,
ca897d48b55e643a,code,"def from_arrow_schema(arrow_schema):
    """""" Convert schema from Arrow to Spark.
    """"""
    return StructType(
        [StructField(field.name, from_arrow_type(field.type), nullable=field.nullable)
         for field in arrow_schema])",CodeSearchNet,Python function,https://github.com/apache/spark/blob/618d6bff71073c8c93501ab7392c3cc579730f0b/python/pyspark/sql/types.py#L1677-L1682,natural/source,,
531aff89ee8a4b06,code,"def _check_series_localize_timestamps(s, timezone):
    """"""
    Convert timezone aware timestamps to timezone-naive in the specified timezone or local timezone.

    If the input series is not a timestamp series, then the same series is returned. If the input
    series is a timestamp series, then a converted series is returned.

    :param s: pandas.Series
    :param timezone: the timezone to convert. if None then use local timezone
    :return pandas.Series that have been converted to tz-naive
    """"""
    from pyspark.sql.utils import require_minimum_pandas_version
    require_minimum_pandas_version()

    from pandas.api.types import is_datetime64tz_dtype
    tz = timezone or _get_local_timezone()
    # TODO: handle nested timestamps, such as ArrayType(TimestampType())?
    if is_datetime64tz_dtype(s.dtype):
        return s.dt.tz_convert(tz).dt.tz_localize(None)
    else:
        return s",CodeSearchNet,Python function,https://github.com/apache/spark/blob/618d6bff71073c8c93501ab7392c3cc579730f0b/python/pyspark/sql/types.py#L1700-L1720,natural/source,,
5874346bc4bda2aa,code,"def _check_dataframe_localize_timestamps(pdf, timezone):
    """"""
    Convert timezone aware timestamps to timezone-naive in the specified timezone or local timezone

    :param pdf: pandas.DataFrame
    :param timezone: the timezone to convert. if None then use local timezone
    :return pandas.DataFrame where any timezone aware columns have been converted to tz-naive
    """"""
    from pyspark.sql.utils import require_minimum_pandas_version
    require_minimum_pandas_version()

    for column, series in pdf.iteritems():
        pdf[column] = _check_series_localize_timestamps(series, timezone)
    return pdf",CodeSearchNet,Python function,https://github.com/apache/spark/blob/618d6bff71073c8c93501ab7392c3cc579730f0b/python/pyspark/sql/types.py#L1723-L1736,natural/source,,
bc7473af2200ce9b,code,"def _check_series_convert_timestamps_localize(s, from_timezone, to_timezone):
    """"""
    Convert timestamp to timezone-naive in the specified timezone or local timezone

    :param s: a pandas.Series
    :param from_timezone: the timezone to convert from. if None then use local timezone
    :param to_timezone: the timezone to convert to. if None then use local timezone
    :return pandas.Series where if it is a timestamp, has been converted to tz-naive
    """"""
    from pyspark.sql.utils import require_minimum_pandas_version
    require_minimum_pandas_version()

    import pandas as pd
    from pandas.api.types import is_datetime64tz_dtype, is_datetime64_dtype
    from_tz = from_timezone or _get_local_timezone()
    to_tz = to_timezone or _get_local_timezone()
    # TODO: handle nested timestamps, such as ArrayType(TimestampType())?
    if is_datetime64tz_dtype(s.dtype):
        return s.dt.tz_convert(to_tz).dt.tz_localize(None)
    elif is_datetime64_dtype(s.dtype) and from_tz != to_tz:
        # `s.dt.tz_localize('tzlocal()')` doesn't work properly when including NaT.
        return s.apply(
            lambda ts: ts.tz_localize(from_tz, ambiguous=False).tz_convert(to_tz).tz_localize(None)
            if ts is not pd.NaT else pd.NaT)
    else:
        return s",CodeSearchNet,Python function,https://github.com/apache/spark/blob/618d6bff71073c8c93501ab7392c3cc579730f0b/python/pyspark/sql/types.py#L1792-L1817,natural/source,,
8d7b347a64c4c634,code,"def _cachedSqlType(cls):
        """"""
        Cache the sqlType() into class, because it's heavy used in `toInternal`.
        """"""
        if not hasattr(cls, ""_cached_sql_type""):
            cls._cached_sql_type = cls.sqlType()
        return cls._cached_sql_type",CodeSearchNet,Python function,https://github.com/apache/spark/blob/618d6bff71073c8c93501ab7392c3cc579730f0b/python/pyspark/sql/types.py#L675-L681,natural/source,,
dbb05dce6980acc9,code,"def asDict(self, recursive=False):
        """"""
        Return as an dict

        :param recursive: turns the nested Row as dict (default: False).

        >>> Row(name=""Alice"", age=11).asDict() == {'name': 'Alice', 'age': 11}
        True
        >>> row = Row(key=1, value=Row(name='a', age=2))
        >>> row.asDict() == {'key': 1, 'value': Row(age=2, name='a')}
        True
        >>> row.asDict(True) == {'key': 1, 'value': {'name': 'a', 'age': 2}}
        True
        """"""
        if not hasattr(self, ""__fields__""):
            raise TypeError(""Cannot convert a Row class into dict"")

        if recursive:
            def conv(obj):
                if isinstance(obj, Row):
                    return obj.asDict(True)
                elif isinstance(obj, list):
                    return [conv(o) for o in obj]
                elif isinstance(obj, dict):
                    return dict((k, conv(v)) for k, v in obj.items())
                else:
                    return obj
            return dict(zip(self.__fields__, (conv(o) for o in self)))
        else:
            return dict(zip(self.__fields__, self))",CodeSearchNet,Python function,https://github.com/apache/spark/blob/618d6bff71073c8c93501ab7392c3cc579730f0b/python/pyspark/sql/types.py#L1463-L1492,natural/source,,
30a25de0e650ae31,code,"def summary(self):
        """"""
        Gets summary (e.g. residuals, mse, r-squared ) of model on
        training set. An exception is thrown if
        `trainingSummary is None`.
        """"""
        if self.hasSummary:
            return LinearRegressionTrainingSummary(super(LinearRegressionModel, self).summary)
        else:
            raise RuntimeError(""No training summary available for this %s"" %
                               self.__class__.__name__)",CodeSearchNet,Python function,https://github.com/apache/spark/blob/618d6bff71073c8c93501ab7392c3cc579730f0b/python/pyspark/ml/regression.py#L198-L208,natural/source,,
a22de22f9020ff60,code,"def evaluate(self, dataset):
        """"""
        Evaluates the model on a test dataset.

        :param dataset:
          Test dataset to evaluate model on, where dataset is an
          instance of :py:class:`pyspark.sql.DataFrame`
        """"""
        if not isinstance(dataset, DataFrame):
            raise ValueError(""dataset must be a DataFrame but got %s."" % type(dataset))
        java_lr_summary = self._call_java(""evaluate"", dataset)
        return LinearRegressionSummary(java_lr_summary)",CodeSearchNet,Python function,https://github.com/apache/spark/blob/618d6bff71073c8c93501ab7392c3cc579730f0b/python/pyspark/ml/regression.py#L211-L222,natural/source,,
9561165aeef360da,code,"def summary(self):
        """"""
        Gets summary (e.g. residuals, deviance, pValues) of model on
        training set. An exception is thrown if
        `trainingSummary is None`.
        """"""
        if self.hasSummary:
            return GeneralizedLinearRegressionTrainingSummary(
                super(GeneralizedLinearRegressionModel, self).summary)
        else:
            raise RuntimeError(""No training summary available for this %s"" %
                               self.__class__.__name__)",CodeSearchNet,Python function,https://github.com/apache/spark/blob/618d6bff71073c8c93501ab7392c3cc579730f0b/python/pyspark/ml/regression.py#L1679-L1690,natural/source,,
491aed6a3a6fd0aa,code,"def evaluate(self, dataset):
        """"""
        Evaluates the model on a test dataset.

        :param dataset:
          Test dataset to evaluate model on, where dataset is an
          instance of :py:class:`pyspark.sql.DataFrame`
        """"""
        if not isinstance(dataset, DataFrame):
            raise ValueError(""dataset must be a DataFrame but got %s."" % type(dataset))
        java_glr_summary = self._call_java(""evaluate"", dataset)
        return GeneralizedLinearRegressionSummary(java_glr_summary)",CodeSearchNet,Python function,https://github.com/apache/spark/blob/618d6bff71073c8c93501ab7392c3cc579730f0b/python/pyspark/ml/regression.py#L1693-L1704,natural/source,,
15a7cac6538e5036,code,"def _get_local_dirs(sub):
    """""" Get all the directories """"""
    path = os.environ.get(""SPARK_LOCAL_DIRS"", ""/tmp"")
    dirs = path.split("","")
    if len(dirs) > 1:
        # different order in different processes and instances
        rnd = random.Random(os.getpid() + id(dirs))
        random.shuffle(dirs, rnd.random)
    return [os.path.join(d, ""python"", str(os.getpid()), sub) for d in dirs]",CodeSearchNet,Python function,https://github.com/apache/spark/blob/618d6bff71073c8c93501ab7392c3cc579730f0b/python/pyspark/shuffle.py#L71-L79,natural/source,,
ae3e7e5a17846a17,code,"def _get_spill_dir(self, n):
        """""" Choose one directory for spill by number n """"""
        return os.path.join(self.localdirs[n % len(self.localdirs)], str(n))",CodeSearchNet,Python function,https://github.com/apache/spark/blob/618d6bff71073c8c93501ab7392c3cc579730f0b/python/pyspark/shuffle.py#L219-L221,natural/source,,
b65f69af3338b7ff,code,"def mergeValues(self, iterator):
        """""" Combine the items by creator and combiner """"""
        # speedup attribute lookup
        creator, comb = self.agg.createCombiner, self.agg.mergeValue
        c, data, pdata, hfun, batch = 0, self.data, self.pdata, self._partition, self.batch
        limit = self.memory_limit

        for k, v in iterator:
            d = pdata[hfun(k)] if pdata else data
            d[k] = comb(d[k], v) if k in d else creator(v)

            c += 1
            if c >= batch:
                if get_used_memory() >= limit:
                    self._spill()
                    limit = self._next_limit()
                    batch /= 2
                    c = 0
                else:
                    batch *= 1.5

        if get_used_memory() >= limit:
            self._spill()",CodeSearchNet,Python function,https://github.com/apache/spark/blob/618d6bff71073c8c93501ab7392c3cc579730f0b/python/pyspark/shuffle.py#L231-L253,natural/source,,
5b33bce3f65f2a55,code,"def mergeCombiners(self, iterator, limit=None):
        """""" Merge (K,V) pair by mergeCombiner """"""
        if limit is None:
            limit = self.memory_limit
        # speedup attribute lookup
        comb, hfun, objsize = self.agg.mergeCombiners, self._partition, self._object_size
        c, data, pdata, batch = 0, self.data, self.pdata, self.batch
        for k, v in iterator:
            d = pdata[hfun(k)] if pdata else data
            d[k] = comb(d[k], v) if k in d else v
            if not limit:
                continue

            c += objsize(v)
            if c > batch:
                if get_used_memory() > limit:
                    self._spill()
                    limit = self._next_limit()
                    batch /= 2
                    c = 0
                else:
                    batch *= 1.5

        if limit and get_used_memory() >= limit:
            self._spill()",CodeSearchNet,Python function,https://github.com/apache/spark/blob/618d6bff71073c8c93501ab7392c3cc579730f0b/python/pyspark/shuffle.py#L265-L289,natural/source,,
ee0dd78840cfdd71,code,"def items(self):
        """""" Return all merged items as iterator """"""
        if not self.pdata and not self.spills:
            return iter(self.data.items())
        return self._external_items()",CodeSearchNet,Python function,https://github.com/apache/spark/blob/618d6bff71073c8c93501ab7392c3cc579730f0b/python/pyspark/shuffle.py#L339-L343,natural/source,,
e4ad886c91bbdb88,code,"def _external_items(self):
        """""" Return all partitioned items as iterator """"""
        assert not self.data
        if any(self.pdata):
            self._spill()
        # disable partitioning and spilling when merge combiners from disk
        self.pdata = []

        try:
            for i in range(self.partitions):
                for v in self._merged_items(i):
                    yield v
                self.data.clear()

                # remove the merged partition
                for j in range(self.spills):
                    path = self._get_spill_dir(j)
                    os.remove(os.path.join(path, str(i)))
        finally:
            self._cleanup()",CodeSearchNet,Python function,https://github.com/apache/spark/blob/618d6bff71073c8c93501ab7392c3cc579730f0b/python/pyspark/shuffle.py#L345-L364,natural/source,,
4e2bf2f34c21abca,code,"def _recursive_merged_items(self, index):
        """"""
        merge the partitioned items and return the as iterator

        If one partition can not be fit in memory, then them will be
        partitioned and merged recursively.
        """"""
        subdirs = [os.path.join(d, ""parts"", str(index)) for d in self.localdirs]
        m = ExternalMerger(self.agg, self.memory_limit, self.serializer, subdirs,
                           self.scale * self.partitions, self.partitions, self.batch)
        m.pdata = [{} for _ in range(self.partitions)]
        limit = self._next_limit()

        for j in range(self.spills):
            path = self._get_spill_dir(j)
            p = os.path.join(path, str(index))
            with open(p, 'rb') as f:
                m.mergeCombiners(self.serializer.load_stream(f), 0)

            if get_used_memory() > limit:
                m._spill()
                limit = self._next_limit()

        return m._external_items()",CodeSearchNet,Python function,https://github.com/apache/spark/blob/618d6bff71073c8c93501ab7392c3cc579730f0b/python/pyspark/shuffle.py#L386-L409,natural/source,,
e55b93c1330ab5dc,code,"def _get_path(self, n):
        """""" Choose one directory for spill by number n """"""
        d = self.local_dirs[n % len(self.local_dirs)]
        if not os.path.exists(d):
            os.makedirs(d)
        return os.path.join(d, str(n))",CodeSearchNet,Python function,https://github.com/apache/spark/blob/618d6bff71073c8c93501ab7392c3cc579730f0b/python/pyspark/shuffle.py#L440-L445,natural/source,,
42514a1409386ea3,code,"def _spill(self):
        """""" dump the values into disk """"""
        global MemoryBytesSpilled, DiskBytesSpilled
        if self._file is None:
            self._open_file()

        used_memory = get_used_memory()
        pos = self._file.tell()
        self._ser.dump_stream(self.values, self._file)
        self.values = []
        gc.collect()
        DiskBytesSpilled += self._file.tell() - pos
        MemoryBytesSpilled += max(used_memory - get_used_memory(), 0) << 20",CodeSearchNet,Python function,https://github.com/apache/spark/blob/618d6bff71073c8c93501ab7392c3cc579730f0b/python/pyspark/shuffle.py#L590-L602,natural/source,,
53d4d592ecf9b04f,code,"def _merge_sorted_items(self, index):
        """""" load a partition from disk, then sort and group by key """"""
        def load_partition(j):
            path = self._get_spill_dir(j)
            p = os.path.join(path, str(index))
            with open(p, 'rb', 65536) as f:
                for v in self.serializer.load_stream(f):
                    yield v

        disk_items = [load_partition(j) for j in range(self.spills)]

        if self._sorted:
            # all the partitions are already sorted
            sorted_items = heapq.merge(disk_items, key=operator.itemgetter(0))

        else:
            # Flatten the combined values, so it will not consume huge
            # memory during merging sort.
            ser = self.flattened_serializer()
            sorter = ExternalSorter(self.memory_limit, ser)
            sorted_items = sorter.sorted(itertools.chain(*disk_items),
                                         key=operator.itemgetter(0))
        return ((k, vs) for k, vs in GroupByKey(sorted_items))",CodeSearchNet,Python function,https://github.com/apache/spark/blob/618d6bff71073c8c93501ab7392c3cc579730f0b/python/pyspark/shuffle.py#L786-L808,natural/source,,
c44ea7f9a998c59a,code,"def worker(sock, authenticated):
    """"""
    Called by a worker process after the fork().
    """"""
    signal.signal(SIGHUP, SIG_DFL)
    signal.signal(SIGCHLD, SIG_DFL)
    signal.signal(SIGTERM, SIG_DFL)
    # restore the handler for SIGINT,
    # it's useful for debugging (show the stacktrace before exit)
    signal.signal(SIGINT, signal.default_int_handler)

    # Read the socket using fdopen instead of socket.makefile() because the latter
    # seems to be very slow; note that we need to dup() the file descriptor because
    # otherwise writes also cause a seek that makes us miss data on the read side.
    infile = os.fdopen(os.dup(sock.fileno()), ""rb"", 65536)
    outfile = os.fdopen(os.dup(sock.fileno()), ""wb"", 65536)

    if not authenticated:
        client_secret = UTF8Deserializer().loads(infile)
        if os.environ[""PYTHON_WORKER_FACTORY_SECRET""] == client_secret:
            write_with_length(""ok"".encode(""utf-8""), outfile)
            outfile.flush()
        else:
            write_with_length(""err"".encode(""utf-8""), outfile)
            outfile.flush()
            sock.close()
            return 1

    exit_code = 0
    try:
        worker_main(infile, outfile)
    except SystemExit as exc:
        exit_code = compute_real_exit_code(exc.code)
    finally:
        try:
            outfile.flush()
        except Exception:
            pass
    return exit_code",CodeSearchNet,Python function,https://github.com/apache/spark/blob/618d6bff71073c8c93501ab7392c3cc579730f0b/python/pyspark/daemon.py#L43-L81,natural/source,,
561dc82a03a294ad,code,"def portable_hash(x):
    """"""
    This function returns consistent hash code for builtin types, especially
    for None and tuple with None.

    The algorithm is similar to that one used by CPython 2.7

    >>> portable_hash(None)
    0
    >>> portable_hash((None, 1)) & 0xffffffff
    219750521
    """"""

    if sys.version_info >= (3, 2, 3) and 'PYTHONHASHSEED' not in os.environ:
        raise Exception(""Randomness of hash of string should be disabled via PYTHONHASHSEED"")

    if x is None:
        return 0
    if isinstance(x, tuple):
        h = 0x345678
        for i in x:
            h ^= portable_hash(i)
            h *= 1000003
            h &= sys.maxsize
        h ^= len(x)
        if h == -1:
            h = -2
        return int(h)
    return hash(x)",CodeSearchNet,Python function,https://github.com/apache/spark/blob/618d6bff71073c8c93501ab7392c3cc579730f0b/python/pyspark/rdd.py#L78-L106,natural/source,,
a0f9009d734d11f0,code,"def _parse_memory(s):
    """"""
    Parse a memory string in the format supported by Java (e.g. 1g, 200m) and
    return the value in MiB

    >>> _parse_memory(""256m"")
    256
    >>> _parse_memory(""2g"")
    2048
    """"""
    units = {'g': 1024, 'm': 1, 't': 1 << 20, 'k': 1.0 / 1024}
    if s[-1].lower() not in units:
        raise ValueError(""invalid format: "" + s)
    return int(float(s[:-1]) * units[s[-1].lower()])",CodeSearchNet,Python function,https://github.com/apache/spark/blob/618d6bff71073c8c93501ab7392c3cc579730f0b/python/pyspark/rdd.py#L125-L138,natural/source,,
e16b35e33f2d51a7,code,"def ignore_unicode_prefix(f):
    """"""
    Ignore the 'u' prefix of string in doc tests, to make it works
    in both python 2 and 3
    """"""
    if sys.version >= '3':
        # the representation of unicode string in Python 3 does not have prefix 'u',
        # so remove the prefix 'u' for doc tests
        literal_re = re.compile(r""(\W|^)[uU](['])"", re.UNICODE)
        f.__doc__ = literal_re.sub(r'\1\2', f.__doc__)
    return f",CodeSearchNet,Python function,https://github.com/apache/spark/blob/618d6bff71073c8c93501ab7392c3cc579730f0b/python/pyspark/rdd.py#L150-L160,natural/source,,
2a1d14010ccbdbd7,code,"def cache(self):
        """"""
        Persist this RDD with the default storage level (C{MEMORY_ONLY}).
        """"""
        self.is_cached = True
        self.persist(StorageLevel.MEMORY_ONLY)
        return self",CodeSearchNet,Python function,https://github.com/apache/spark/blob/618d6bff71073c8c93501ab7392c3cc579730f0b/python/pyspark/rdd.py#L223-L229,natural/source,,
c89790b789bc1dda,code,"def persist(self, storageLevel=StorageLevel.MEMORY_ONLY):
        """"""
        Set this RDD's storage level to persist its values across operations
        after the first time it is computed. This can only be used to assign
        a new storage level if the RDD does not have a storage level set yet.
        If no storage level is specified defaults to (C{MEMORY_ONLY}).

        >>> rdd = sc.parallelize([""b"", ""a"", ""c""])
        >>> rdd.persist().is_cached
        True
        """"""
        self.is_cached = True
        javaStorageLevel = self.ctx._getJavaStorageLevel(storageLevel)
        self._jrdd.persist(javaStorageLevel)
        return self",CodeSearchNet,Python function,https://github.com/apache/spark/blob/618d6bff71073c8c93501ab7392c3cc579730f0b/python/pyspark/rdd.py#L231-L245,natural/source,,
a6c867b97ed9a2e6,code,"def unpersist(self, blocking=False):
        """"""
        Mark the RDD as non-persistent, and remove all blocks for it from
        memory and disk.

        .. versionchanged:: 3.0.0
           Added optional argument `blocking` to specify whether to block until all
           blocks are deleted.
        """"""
        self.is_cached = False
        self._jrdd.unpersist(blocking)
        return self",CodeSearchNet,Python function,https://github.com/apache/spark/blob/618d6bff71073c8c93501ab7392c3cc579730f0b/python/pyspark/rdd.py#L247-L258,natural/source,,
12352fbb49a8c92d,code,"def getCheckpointFile(self):
        """"""
        Gets the name of the file to which this RDD was checkpointed

        Not defined if RDD is checkpointed locally.
        """"""
        checkpointFile = self._jrdd.rdd().getCheckpointFile()
        if checkpointFile.isDefined():
            return checkpointFile.get()",CodeSearchNet,Python function,https://github.com/apache/spark/blob/618d6bff71073c8c93501ab7392c3cc579730f0b/python/pyspark/rdd.py#L307-L315,natural/source,,
3d32a043df67c70e,code,"def map(self, f, preservesPartitioning=False):
        """"""
        Return a new RDD by applying a function to each element of this RDD.

        >>> rdd = sc.parallelize([""b"", ""a"", ""c""])
        >>> sorted(rdd.map(lambda x: (x, 1)).collect())
        [('a', 1), ('b', 1), ('c', 1)]
        """"""
        def func(_, iterator):
            return map(fail_on_stopiteration(f), iterator)
        return self.mapPartitionsWithIndex(func, preservesPartitioning)",CodeSearchNet,Python function,https://github.com/apache/spark/blob/618d6bff71073c8c93501ab7392c3cc579730f0b/python/pyspark/rdd.py#L317-L327,natural/source,,
c423d897085bf94f,code,"def flatMap(self, f, preservesPartitioning=False):
        """"""
        Return a new RDD by first applying a function to all elements of this
        RDD, and then flattening the results.

        >>> rdd = sc.parallelize([2, 3, 4])
        >>> sorted(rdd.flatMap(lambda x: range(1, x)).collect())
        [1, 1, 1, 2, 2, 3]
        >>> sorted(rdd.flatMap(lambda x: [(x, x), (x, x)]).collect())
        [(2, 2), (2, 2), (3, 3), (3, 3), (4, 4), (4, 4)]
        """"""
        def func(s, iterator):
            return chain.from_iterable(map(fail_on_stopiteration(f), iterator))
        return self.mapPartitionsWithIndex(func, preservesPartitioning)",CodeSearchNet,Python function,https://github.com/apache/spark/blob/618d6bff71073c8c93501ab7392c3cc579730f0b/python/pyspark/rdd.py#L329-L342,natural/source,,
673884043a301d7e,code,"def mapPartitions(self, f, preservesPartitioning=False):
        """"""
        Return a new RDD by applying a function to each partition of this RDD.

        >>> rdd = sc.parallelize([1, 2, 3, 4], 2)
        >>> def f(iterator): yield sum(iterator)
        >>> rdd.mapPartitions(f).collect()
        [3, 7]
        """"""
        def func(s, iterator):
            return f(iterator)
        return self.mapPartitionsWithIndex(func, preservesPartitioning)",CodeSearchNet,Python function,https://github.com/apache/spark/blob/618d6bff71073c8c93501ab7392c3cc579730f0b/python/pyspark/rdd.py#L344-L355,natural/source,,
bd59558b6952ee61,code,"def mapPartitionsWithSplit(self, f, preservesPartitioning=False):
        """"""
        Deprecated: use mapPartitionsWithIndex instead.

        Return a new RDD by applying a function to each partition of this RDD,
        while tracking the index of the original partition.

        >>> rdd = sc.parallelize([1, 2, 3, 4], 4)
        >>> def f(splitIndex, iterator): yield splitIndex
        >>> rdd.mapPartitionsWithSplit(f).sum()
        6
        """"""
        warnings.warn(""mapPartitionsWithSplit is deprecated; ""
                      ""use mapPartitionsWithIndex instead"", DeprecationWarning, stacklevel=2)
        return self.mapPartitionsWithIndex(f, preservesPartitioning)",CodeSearchNet,Python function,https://github.com/apache/spark/blob/618d6bff71073c8c93501ab7392c3cc579730f0b/python/pyspark/rdd.py#L369-L383,natural/source,,
c731508ba0bd7904,code,"def distinct(self, numPartitions=None):
        """"""
        Return a new RDD containing the distinct elements in this RDD.

        >>> sorted(sc.parallelize([1, 1, 2, 3]).distinct().collect())
        [1, 2, 3]
        """"""
        return self.map(lambda x: (x, None)) \
                   .reduceByKey(lambda x, _: x, numPartitions) \
                   .map(lambda x: x[0])",CodeSearchNet,Python function,https://github.com/apache/spark/blob/618d6bff71073c8c93501ab7392c3cc579730f0b/python/pyspark/rdd.py#L407-L416,natural/source,,
b95fe7f4408ad434,code,"def sample(self, withReplacement, fraction, seed=None):
        """"""
        Return a sampled subset of this RDD.

        :param withReplacement: can elements be sampled multiple times (replaced when sampled out)
        :param fraction: expected size of the sample as a fraction of this RDD's size
            without replacement: probability that each element is chosen; fraction must be [0, 1]
            with replacement: expected number of times each element is chosen; fraction must be >= 0
        :param seed: seed for the random number generator

        .. note:: This is not guaranteed to provide exactly the fraction specified of the total
            count of the given :class:`DataFrame`.

        >>> rdd = sc.parallelize(range(100), 4)
        >>> 6 <= rdd.sample(False, 0.1, 81).count() <= 14
        True
        """"""
        assert fraction >= 0.0, ""Negative fraction value: %s"" % fraction
        return self.mapPartitionsWithIndex(RDDSampler(withReplacement, fraction, seed).func, True)",CodeSearchNet,Python function,https://github.com/apache/spark/blob/618d6bff71073c8c93501ab7392c3cc579730f0b/python/pyspark/rdd.py#L418-L436,natural/source,,
708d23f7d480cd6f,code,"def randomSplit(self, weights, seed=None):
        """"""
        Randomly splits this RDD with the provided weights.

        :param weights: weights for splits, will be normalized if they don't sum to 1
        :param seed: random seed
        :return: split RDDs in a list

        >>> rdd = sc.parallelize(range(500), 1)
        >>> rdd1, rdd2 = rdd.randomSplit([2, 3], 17)
        >>> len(rdd1.collect() + rdd2.collect())
        500
        >>> 150 < rdd1.count() < 250
        True
        >>> 250 < rdd2.count() < 350
        True
        """"""
        s = float(sum(weights))
        cweights = [0.0]
        for w in weights:
            cweights.append(cweights[-1] + w / s)
        if seed is None:
            seed = random.randint(0, 2 ** 32 - 1)
        return [self.mapPartitionsWithIndex(RDDRangeSampler(lb, ub, seed).func, True)
                for lb, ub in zip(cweights, cweights[1:])]",CodeSearchNet,Python function,https://github.com/apache/spark/blob/618d6bff71073c8c93501ab7392c3cc579730f0b/python/pyspark/rdd.py#L438-L462,natural/source,,
bbadc170123dcd5e,code,"def _computeFractionForSampleSize(sampleSizeLowerBound, total, withReplacement):
        """"""
        Returns a sampling rate that guarantees a sample of
        size >= sampleSizeLowerBound 99.99% of the time.

        How the sampling rate is determined:
        Let p = num / total, where num is the sample size and total is the
        total number of data points in the RDD. We're trying to compute
        q > p such that
          - when sampling with replacement, we're drawing each data point
            with prob_i ~ Pois(q), where we want to guarantee
            Pr[s < num] < 0.0001 for s = sum(prob_i for i from 0 to
            total), i.e. the failure rate of not having a sufficiently large
            sample < 0.0001. Setting q = p + 5 * sqrt(p/total) is sufficient
            to guarantee 0.9999 success rate for num > 12, but we need a
            slightly larger q (9 empirically determined).
          - when sampling without replacement, we're drawing each data point
            with prob_i ~ Binomial(total, fraction) and our choice of q
            guarantees 1-delta, or 0.9999 success rate, where success rate is
            defined the same as in sampling with replacement.
        """"""
        fraction = float(sampleSizeLowerBound) / total
        if withReplacement:
            numStDev = 5
            if (sampleSizeLowerBound < 12):
                numStDev = 9
            return fraction + numStDev * sqrt(fraction / total)
        else:
            delta = 0.00005
            gamma = - log(delta) / total
            return min(1, fraction + gamma + sqrt(gamma * gamma + 2 * gamma * fraction))",CodeSearchNet,Python function,https://github.com/apache/spark/blob/618d6bff71073c8c93501ab7392c3cc579730f0b/python/pyspark/rdd.py#L521-L551,natural/source,,
4f32750bbf780a0c,code,"def union(self, other):
        """"""
        Return the union of this RDD and another one.

        >>> rdd = sc.parallelize([1, 1, 2, 3])
        >>> rdd.union(rdd).collect()
        [1, 1, 2, 3, 1, 1, 2, 3]
        """"""
        if self._jrdd_deserializer == other._jrdd_deserializer:
            rdd = RDD(self._jrdd.union(other._jrdd), self.ctx,
                      self._jrdd_deserializer)
        else:
            # These RDDs contain data in different serialized formats, so we
            # must normalize them to the default serializer.
            self_copy = self._reserialize()
            other_copy = other._reserialize()
            rdd = RDD(self_copy._jrdd.union(other_copy._jrdd), self.ctx,
                      self.ctx.serializer)
        if (self.partitioner == other.partitioner and
                self.getNumPartitions() == rdd.getNumPartitions()):
            rdd.partitioner = self.partitioner
        return rdd",CodeSearchNet,Python function,https://github.com/apache/spark/blob/618d6bff71073c8c93501ab7392c3cc579730f0b/python/pyspark/rdd.py#L553-L574,natural/source,,
d8adb056e998a961,code,"def intersection(self, other):
        """"""
        Return the intersection of this RDD and another one. The output will
        not contain any duplicate elements, even if the input RDDs did.

        .. note:: This method performs a shuffle internally.

        >>> rdd1 = sc.parallelize([1, 10, 2, 3, 4, 5])
        >>> rdd2 = sc.parallelize([1, 6, 2, 3, 7, 8])
        >>> rdd1.intersection(rdd2).collect()
        [1, 2, 3]
        """"""
        return self.map(lambda v: (v, None)) \
            .cogroup(other.map(lambda v: (v, None))) \
            .filter(lambda k_vs: all(k_vs[1])) \
            .keys()",CodeSearchNet,Python function,https://github.com/apache/spark/blob/618d6bff71073c8c93501ab7392c3cc579730f0b/python/pyspark/rdd.py#L576-L591,natural/source,,
b722e8b2ccd57cd2,code,"def repartitionAndSortWithinPartitions(self, numPartitions=None, partitionFunc=portable_hash,
                                           ascending=True, keyfunc=lambda x: x):
        """"""
        Repartition the RDD according to the given partitioner and, within each resulting partition,
        sort records by their keys.

        >>> rdd = sc.parallelize([(0, 5), (3, 8), (2, 6), (0, 8), (3, 8), (1, 3)])
        >>> rdd2 = rdd.repartitionAndSortWithinPartitions(2, lambda x: x % 2, True)
        >>> rdd2.glom().collect()
        [[(0, 5), (0, 8), (2, 6)], [(1, 3), (3, 8), (3, 8)]]
        """"""
        if numPartitions is None:
            numPartitions = self._defaultReducePartitions()

        memory = _parse_memory(self.ctx._conf.get(""spark.python.worker.memory"", ""512m""))
        serializer = self._jrdd_deserializer

        def sortPartition(iterator):
            sort = ExternalSorter(memory * 0.9, serializer).sorted
            return iter(sort(iterator, key=lambda k_v: keyfunc(k_v[0]), reverse=(not ascending)))

        return self.partitionBy(numPartitions, partitionFunc).mapPartitions(sortPartition, True)",CodeSearchNet,Python function,https://github.com/apache/spark/blob/618d6bff71073c8c93501ab7392c3cc579730f0b/python/pyspark/rdd.py#L612-L633,natural/source,,
927d2a1bfdb6caa6,code,"def sortBy(self, keyfunc, ascending=True, numPartitions=None):
        """"""
        Sorts this RDD by the given keyfunc

        >>> tmp = [('a', 1), ('b', 2), ('1', 3), ('d', 4), ('2', 5)]
        >>> sc.parallelize(tmp).sortBy(lambda x: x[0]).collect()
        [('1', 3), ('2', 5), ('a', 1), ('b', 2), ('d', 4)]
        >>> sc.parallelize(tmp).sortBy(lambda x: x[1]).collect()
        [('a', 1), ('b', 2), ('1', 3), ('d', 4), ('2', 5)]
        """"""
        return self.keyBy(keyfunc).sortByKey(ascending, numPartitions).values()",CodeSearchNet,Python function,https://github.com/apache/spark/blob/618d6bff71073c8c93501ab7392c3cc579730f0b/python/pyspark/rdd.py#L691-L701,natural/source,,
1afbef6c60ce38cb,code,"def cartesian(self, other):
        """"""
        Return the Cartesian product of this RDD and another one, that is, the
        RDD of all pairs of elements C{(a, b)} where C{a} is in C{self} and
        C{b} is in C{other}.

        >>> rdd = sc.parallelize([1, 2])
        >>> sorted(rdd.cartesian(rdd).collect())
        [(1, 1), (1, 2), (2, 1), (2, 2)]
        """"""
        # Due to batching, we can't use the Java cartesian method.
        deserializer = CartesianDeserializer(self._jrdd_deserializer,
                                             other._jrdd_deserializer)
        return RDD(self._jrdd.cartesian(other._jrdd), self.ctx, deserializer)",CodeSearchNet,Python function,https://github.com/apache/spark/blob/618d6bff71073c8c93501ab7392c3cc579730f0b/python/pyspark/rdd.py#L716-L729,natural/source,,
e4869d816117f5e4,code,"def groupBy(self, f, numPartitions=None, partitionFunc=portable_hash):
        """"""
        Return an RDD of grouped items.

        >>> rdd = sc.parallelize([1, 1, 2, 3, 5, 8])
        >>> result = rdd.groupBy(lambda x: x % 2).collect()
        >>> sorted([(x, sorted(y)) for (x, y) in result])
        [(0, [2, 8]), (1, [1, 1, 3, 5])]
        """"""
        return self.map(lambda x: (f(x), x)).groupByKey(numPartitions, partitionFunc)",CodeSearchNet,Python function,https://github.com/apache/spark/blob/618d6bff71073c8c93501ab7392c3cc579730f0b/python/pyspark/rdd.py#L731-L740,natural/source,,
6ba8c2d1e578d276,code,"def pipe(self, command, env=None, checkCode=False):
        """"""
        Return an RDD created by piping elements to a forked external process.

        >>> sc.parallelize(['1', '2', '', '3']).pipe('cat').collect()
        [u'1', u'2', u'', u'3']

        :param checkCode: whether or not to check the return value of the shell command.
        """"""
        if env is None:
            env = dict()

        def func(iterator):
            pipe = Popen(
                shlex.split(command), env=env, stdin=PIPE, stdout=PIPE)

            def pipe_objs(out):
                for obj in iterator:
                    s = unicode(obj).rstrip('\n') + '\n'
                    out.write(s.encode('utf-8'))
                out.close()
            Thread(target=pipe_objs, args=[pipe.stdin]).start()

            def check_return_code():
                pipe.wait()
                if checkCode and pipe.returncode:
                    raise Exception(""Pipe function `%s' exited ""
                                    ""with error code %d"" % (command, pipe.returncode))
                else:
                    for i in range(0):
                        yield i
            return (x.rstrip(b'\n').decode('utf-8') for x in
                    chain(iter(pipe.stdout.readline, b''), check_return_code()))
        return self.mapPartitions(func)",CodeSearchNet,Python function,https://github.com/apache/spark/blob/618d6bff71073c8c93501ab7392c3cc579730f0b/python/pyspark/rdd.py#L743-L776,natural/source,,
4d524c94b48636d4,code,"def foreach(self, f):
        """"""
        Applies a function to all elements of this RDD.

        >>> def f(x): print(x)
        >>> sc.parallelize([1, 2, 3, 4, 5]).foreach(f)
        """"""
        f = fail_on_stopiteration(f)

        def processPartition(iterator):
            for x in iterator:
                f(x)
            return iter([])
        self.mapPartitions(processPartition).count()",CodeSearchNet,Python function,https://github.com/apache/spark/blob/618d6bff71073c8c93501ab7392c3cc579730f0b/python/pyspark/rdd.py#L778-L791,natural/source,,
f220fc1ece74a281,code,"def foreachPartition(self, f):
        """"""
        Applies a function to each partition of this RDD.

        >>> def f(iterator):
        ...     for x in iterator:
        ...          print(x)
        >>> sc.parallelize([1, 2, 3, 4, 5]).foreachPartition(f)
        """"""
        def func(it):
            r = f(it)
            try:
                return iter(r)
            except TypeError:
                return iter([])
        self.mapPartitions(func).count()",CodeSearchNet,Python function,https://github.com/apache/spark/blob/618d6bff71073c8c93501ab7392c3cc579730f0b/python/pyspark/rdd.py#L793-L808,natural/source,,
94ef5966c89b9dd5,code,"def collect(self):
        """"""
        Return a list that contains all of the elements in this RDD.

        .. note:: This method should only be used if the resulting array is expected
            to be small, as all the data is loaded into the driver's memory.
        """"""
        with SCCallSiteSync(self.context) as css:
            sock_info = self.ctx._jvm.PythonRDD.collectAndServe(self._jrdd.rdd())
        return list(_load_from_socket(sock_info, self._jrdd_deserializer))",CodeSearchNet,Python function,https://github.com/apache/spark/blob/618d6bff71073c8c93501ab7392c3cc579730f0b/python/pyspark/rdd.py#L810-L819,natural/source,,
93209f52ac338d16,code,"def reduce(self, f):
        """"""
        Reduces the elements of this RDD using the specified commutative and
        associative binary operator. Currently reduces partitions locally.

        >>> from operator import add
        >>> sc.parallelize([1, 2, 3, 4, 5]).reduce(add)
        15
        >>> sc.parallelize((2 for _ in range(10))).map(lambda x: 1).cache().reduce(add)
        10
        >>> sc.parallelize([]).reduce(add)
        Traceback (most recent call last):
            ...
        ValueError: Can not reduce() empty RDD
        """"""
        f = fail_on_stopiteration(f)

        def func(iterator):
            iterator = iter(iterator)
            try:
                initial = next(iterator)
            except StopIteration:
                return
            yield reduce(f, iterator, initial)

        vals = self.mapPartitions(func).collect()
        if vals:
            return reduce(f, vals)
        raise ValueError(""Can not reduce() empty RDD"")",CodeSearchNet,Python function,https://github.com/apache/spark/blob/618d6bff71073c8c93501ab7392c3cc579730f0b/python/pyspark/rdd.py#L821-L849,natural/source,,
b658c9f53e762f66,code,"def treeReduce(self, f, depth=2):
        """"""
        Reduces the elements of this RDD in a multi-level tree pattern.

        :param depth: suggested depth of the tree (default: 2)

        >>> add = lambda x, y: x + y
        >>> rdd = sc.parallelize([-5, -4, -3, -2, -1, 1, 2, 3, 4], 10)
        >>> rdd.treeReduce(add)
        -5
        >>> rdd.treeReduce(add, 1)
        -5
        >>> rdd.treeReduce(add, 2)
        -5
        >>> rdd.treeReduce(add, 5)
        -5
        >>> rdd.treeReduce(add, 10)
        -5
        """"""
        if depth < 1:
            raise ValueError(""Depth cannot be smaller than 1 but got %d."" % depth)

        zeroValue = None, True  # Use the second entry to indicate whether this is a dummy value.

        def op(x, y):
            if x[1]:
                return y
            elif y[1]:
                return x
            else:
                return f(x[0], y[0]), False

        reduced = self.map(lambda x: (x, False)).treeAggregate(zeroValue, op, op, depth)
        if reduced[1]:
            raise ValueError(""Cannot reduce empty RDD."")
        return reduced[0]",CodeSearchNet,Python function,https://github.com/apache/spark/blob/618d6bff71073c8c93501ab7392c3cc579730f0b/python/pyspark/rdd.py#L851-L886,natural/source,,
be37c6cb219daec1,code,"def fold(self, zeroValue, op):
        """"""
        Aggregate the elements of each partition, and then the results for all
        the partitions, using a given associative function and a neutral ""zero value.""

        The function C{op(t1, t2)} is allowed to modify C{t1} and return it
        as its result value to avoid object allocation; however, it should not
        modify C{t2}.

        This behaves somewhat differently from fold operations implemented
        for non-distributed collections in functional languages like Scala.
        This fold operation may be applied to partitions individually, and then
        fold those results into the final result, rather than apply the fold
        to each element sequentially in some defined ordering. For functions
        that are not commutative, the result may differ from that of a fold
        applied to a non-distributed collection.

        >>> from operator import add
        >>> sc.parallelize([1, 2, 3, 4, 5]).fold(0, add)
        15
        """"""
        op = fail_on_stopiteration(op)

        def func(iterator):
            acc = zeroValue
            for obj in iterator:
                acc = op(acc, obj)
            yield acc
        # collecting result of mapPartitions here ensures that the copy of
        # zeroValue provided to each partition is unique from the one provided
        # to the final reduce call
        vals = self.mapPartitions(func).collect()
        return reduce(op, vals, zeroValue)",CodeSearchNet,Python function,https://github.com/apache/spark/blob/618d6bff71073c8c93501ab7392c3cc579730f0b/python/pyspark/rdd.py#L888-L920,natural/source,,
1d8ed5250a41bdab,code,"def aggregate(self, zeroValue, seqOp, combOp):
        """"""
        Aggregate the elements of each partition, and then the results for all
        the partitions, using a given combine functions and a neutral ""zero
        value.""

        The functions C{op(t1, t2)} is allowed to modify C{t1} and return it
        as its result value to avoid object allocation; however, it should not
        modify C{t2}.

        The first function (seqOp) can return a different result type, U, than
        the type of this RDD. Thus, we need one operation for merging a T into
        an U and one operation for merging two U

        >>> seqOp = (lambda x, y: (x[0] + y, x[1] + 1))
        >>> combOp = (lambda x, y: (x[0] + y[0], x[1] + y[1]))
        >>> sc.parallelize([1, 2, 3, 4]).aggregate((0, 0), seqOp, combOp)
        (10, 4)
        >>> sc.parallelize([]).aggregate((0, 0), seqOp, combOp)
        (0, 0)
        """"""
        seqOp = fail_on_stopiteration(seqOp)
        combOp = fail_on_stopiteration(combOp)

        def func(iterator):
            acc = zeroValue
            for obj in iterator:
                acc = seqOp(acc, obj)
            yield acc
        # collecting result of mapPartitions here ensures that the copy of
        # zeroValue provided to each partition is unique from the one provided
        # to the final reduce call
        vals = self.mapPartitions(func).collect()
        return reduce(combOp, vals, zeroValue)",CodeSearchNet,Python function,https://github.com/apache/spark/blob/618d6bff71073c8c93501ab7392c3cc579730f0b/python/pyspark/rdd.py#L922-L955,natural/source,,
41d5a421de546230,code,"def max(self, key=None):
        """"""
        Find the maximum item in this RDD.

        :param key: A function used to generate key for comparing

        >>> rdd = sc.parallelize([1.0, 5.0, 43.0, 10.0])
        >>> rdd.max()
        43.0
        >>> rdd.max(key=str)
        5.0
        """"""
        if key is None:
            return self.reduce(max)
        return self.reduce(lambda a, b: max(a, b, key=key))",CodeSearchNet,Python function,https://github.com/apache/spark/blob/618d6bff71073c8c93501ab7392c3cc579730f0b/python/pyspark/rdd.py#L1009-L1023,natural/source,,
924f9e7f6a9dd460,code,"def min(self, key=None):
        """"""
        Find the minimum item in this RDD.

        :param key: A function used to generate key for comparing

        >>> rdd = sc.parallelize([2.0, 5.0, 43.0, 10.0])
        >>> rdd.min()
        2.0
        >>> rdd.min(key=str)
        10.0
        """"""
        if key is None:
            return self.reduce(min)
        return self.reduce(lambda a, b: min(a, b, key=key))",CodeSearchNet,Python function,https://github.com/apache/spark/blob/618d6bff71073c8c93501ab7392c3cc579730f0b/python/pyspark/rdd.py#L1025-L1039,natural/source,,
521cad76def415e9,code,"def sum(self):
        """"""
        Add up the elements in this RDD.

        >>> sc.parallelize([1.0, 2.0, 3.0]).sum()
        6.0
        """"""
        return self.mapPartitions(lambda x: [sum(x)]).fold(0, operator.add)",CodeSearchNet,Python function,https://github.com/apache/spark/blob/618d6bff71073c8c93501ab7392c3cc579730f0b/python/pyspark/rdd.py#L1041-L1048,natural/source,,
51838919f2ade719,code,"def stats(self):
        """"""
        Return a L{StatCounter} object that captures the mean, variance
        and count of the RDD's elements in one operation.
        """"""
        def redFunc(left_counter, right_counter):
            return left_counter.mergeStats(right_counter)

        return self.mapPartitions(lambda i: [StatCounter(i)]).reduce(redFunc)",CodeSearchNet,Python function,https://github.com/apache/spark/blob/618d6bff71073c8c93501ab7392c3cc579730f0b/python/pyspark/rdd.py#L1059-L1067,natural/source,,
aa90b23c4d364078,code,"def countByValue(self):
        """"""
        Return the count of each unique value in this RDD as a dictionary of
        (value, count) pairs.

        >>> sorted(sc.parallelize([1, 2, 1, 2, 2], 2).countByValue().items())
        [(1, 2), (2, 3)]
        """"""
        def countPartition(iterator):
            counts = defaultdict(int)
            for obj in iterator:
                counts[obj] += 1
            yield counts

        def mergeMaps(m1, m2):
            for k, v in m2.items():
                m1[k] += v
            return m1
        return self.mapPartitions(countPartition).reduce(mergeMaps)",CodeSearchNet,Python function,https://github.com/apache/spark/blob/618d6bff71073c8c93501ab7392c3cc579730f0b/python/pyspark/rdd.py#L1245-L1263,natural/source,,
9ca5f27d2bdd5d8d,code,"def top(self, num, key=None):
        """"""
        Get the top N elements from an RDD.

        .. note:: This method should only be used if the resulting array is expected
            to be small, as all the data is loaded into the driver's memory.

        .. note:: It returns the list sorted in descending order.

        >>> sc.parallelize([10, 4, 2, 12, 3]).top(1)
        [12]
        >>> sc.parallelize([2, 3, 4, 5, 6], 2).top(2)
        [6, 5]
        >>> sc.parallelize([10, 4, 2, 12, 3]).top(3, key=str)
        [4, 3, 2]
        """"""
        def topIterator(iterator):
            yield heapq.nlargest(num, iterator, key=key)

        def merge(a, b):
            return heapq.nlargest(num, a + b, key=key)

        return self.mapPartitions(topIterator).reduce(merge)",CodeSearchNet,Python function,https://github.com/apache/spark/blob/618d6bff71073c8c93501ab7392c3cc579730f0b/python/pyspark/rdd.py#L1265-L1287,natural/source,,
aaf05d19f808af60,code,"def takeOrdered(self, num, key=None):
        """"""
        Get the N elements from an RDD ordered in ascending order or as
        specified by the optional key function.

        .. note:: this method should only be used if the resulting array is expected
            to be small, as all the data is loaded into the driver's memory.

        >>> sc.parallelize([10, 1, 2, 9, 3, 4, 5, 6, 7]).takeOrdered(6)
        [1, 2, 3, 4, 5, 6]
        >>> sc.parallelize([10, 1, 2, 9, 3, 4, 5, 6, 7], 2).takeOrdered(6, key=lambda x: -x)
        [10, 9, 7, 6, 5, 4]
        """"""

        def merge(a, b):
            return heapq.nsmallest(num, a + b, key)

        return self.mapPartitions(lambda it: [heapq.nsmallest(num, it, key)]).reduce(merge)",CodeSearchNet,Python function,https://github.com/apache/spark/blob/618d6bff71073c8c93501ab7392c3cc579730f0b/python/pyspark/rdd.py#L1289-L1306,natural/source,,
9f975663b465a189,code,"def saveAsNewAPIHadoopDataset(self, conf, keyConverter=None, valueConverter=None):
        """"""
        Output a Python RDD of key-value pairs (of form C{RDD[(K, V)]}) to any Hadoop file
        system, using the new Hadoop OutputFormat API (mapreduce package). Keys/values are
        converted for output using either user specified converters or, by default,
        L{org.apache.spark.api.python.JavaToWritableConverter}.

        :param conf: Hadoop job configuration, passed in as a dict
        :param keyConverter: (None by default)
        :param valueConverter: (None by default)
        """"""
        jconf = self.ctx._dictToJavaMap(conf)
        pickledRDD = self._pickled()
        self.ctx._jvm.PythonRDD.saveAsHadoopDataset(pickledRDD._jrdd, True, jconf,
                                                    keyConverter, valueConverter, True)",CodeSearchNet,Python function,https://github.com/apache/spark/blob/618d6bff71073c8c93501ab7392c3cc579730f0b/python/pyspark/rdd.py#L1398-L1412,natural/source,,
f8ac4ad5e8cab46f,code,"def saveAsSequenceFile(self, path, compressionCodecClass=None):
        """"""
        Output a Python RDD of key-value pairs (of form C{RDD[(K, V)]}) to any Hadoop file
        system, using the L{org.apache.hadoop.io.Writable} types that we convert from the
        RDD's key and value types. The mechanism is as follows:

            1. Pyrolite is used to convert pickled Python RDD into RDD of Java objects.
            2. Keys and values of this Java RDD are converted to Writables and written out.

        :param path: path to sequence file
        :param compressionCodecClass: (None by default)
        """"""
        pickledRDD = self._pickled()
        self.ctx._jvm.PythonRDD.saveAsSequenceFile(pickledRDD._jrdd, True,
                                                   path, compressionCodecClass)",CodeSearchNet,Python function,https://github.com/apache/spark/blob/618d6bff71073c8c93501ab7392c3cc579730f0b/python/pyspark/rdd.py#L1489-L1503,natural/source,,
d9236687350d2481,code,"def saveAsPickleFile(self, path, batchSize=10):
        """"""
        Save this RDD as a SequenceFile of serialized objects. The serializer
        used is L{pyspark.serializers.PickleSerializer}, default batch size
        is 10.

        >>> tmpFile = NamedTemporaryFile(delete=True)
        >>> tmpFile.close()
        >>> sc.parallelize([1, 2, 'spark', 'rdd']).saveAsPickleFile(tmpFile.name, 3)
        >>> sorted(sc.pickleFile(tmpFile.name, 5).map(str).collect())
        ['1', '2', 'rdd', 'spark']
        """"""
        if batchSize == 0:
            ser = AutoBatchedSerializer(PickleSerializer())
        else:
            ser = BatchedSerializer(PickleSerializer(), batchSize)
        self._reserialize(ser)._jrdd.saveAsObjectFile(path)",CodeSearchNet,Python function,https://github.com/apache/spark/blob/618d6bff71073c8c93501ab7392c3cc579730f0b/python/pyspark/rdd.py#L1505-L1521,natural/source,,
128dbacfd926e08e,code,"def reduceByKey(self, func, numPartitions=None, partitionFunc=portable_hash):
        """"""
        Merge the values for each key using an associative and commutative reduce function.

        This will also perform the merging locally on each mapper before
        sending results to a reducer, similarly to a ""combiner"" in MapReduce.

        Output will be partitioned with C{numPartitions} partitions, or
        the default parallelism level if C{numPartitions} is not specified.
        Default partitioner is hash-partition.

        >>> from operator import add
        >>> rdd = sc.parallelize([(""a"", 1), (""b"", 1), (""a"", 1)])
        >>> sorted(rdd.reduceByKey(add).collect())
        [('a', 2), ('b', 1)]
        """"""
        return self.combineByKey(lambda x: x, func, func, numPartitions, partitionFunc)",CodeSearchNet,Python function,https://github.com/apache/spark/blob/618d6bff71073c8c93501ab7392c3cc579730f0b/python/pyspark/rdd.py#L1611-L1627,natural/source,,
51db0c377222cdbd,code,"def reduceByKeyLocally(self, func):
        """"""
        Merge the values for each key using an associative and commutative reduce function, but
        return the results immediately to the master as a dictionary.

        This will also perform the merging locally on each mapper before
        sending results to a reducer, similarly to a ""combiner"" in MapReduce.

        >>> from operator import add
        >>> rdd = sc.parallelize([(""a"", 1), (""b"", 1), (""a"", 1)])
        >>> sorted(rdd.reduceByKeyLocally(add).items())
        [('a', 2), ('b', 1)]
        """"""
        func = fail_on_stopiteration(func)

        def reducePartition(iterator):
            m = {}
            for k, v in iterator:
                m[k] = func(m[k], v) if k in m else v
            yield m

        def mergeMaps(m1, m2):
            for k, v in m2.items():
                m1[k] = func(m1[k], v) if k in m1 else v
            return m1
        return self.mapPartitions(reducePartition).reduce(mergeMaps)",CodeSearchNet,Python function,https://github.com/apache/spark/blob/618d6bff71073c8c93501ab7392c3cc579730f0b/python/pyspark/rdd.py#L1629-L1654,natural/source,,
0d1e75e00dfaa196,code,"def aggregateByKey(self, zeroValue, seqFunc, combFunc, numPartitions=None,
                       partitionFunc=portable_hash):
        """"""
        Aggregate the values of each key, using given combine functions and a neutral
        ""zero value"". This function can return a different result type, U, than the type
        of the values in this RDD, V. Thus, we need one operation for merging a V into
        a U and one operation for merging two U's, The former operation is used for merging
        values within a partition, and the latter is used for merging values between
        partitions. To avoid memory allocation, both of these functions are
        allowed to modify and return their first argument instead of creating a new U.
        """"""
        def createZero():
            return copy.deepcopy(zeroValue)

        return self.combineByKey(
            lambda v: seqFunc(createZero(), v), seqFunc, combFunc, numPartitions, partitionFunc)",CodeSearchNet,Python function,https://github.com/apache/spark/blob/618d6bff71073c8c93501ab7392c3cc579730f0b/python/pyspark/rdd.py#L1876-L1891,natural/source,,
b062c3ee86d1e097,code,"def foldByKey(self, zeroValue, func, numPartitions=None, partitionFunc=portable_hash):
        """"""
        Merge the values for each key using an associative function ""func""
        and a neutral ""zeroValue"" which may be added to the result an
        arbitrary number of times, and must not change the result
        (e.g., 0 for addition, or 1 for multiplication.).

        >>> rdd = sc.parallelize([(""a"", 1), (""b"", 1), (""a"", 1)])
        >>> from operator import add
        >>> sorted(rdd.foldByKey(0, add).collect())
        [('a', 2), ('b', 1)]
        """"""
        def createZero():
            return copy.deepcopy(zeroValue)

        return self.combineByKey(lambda v: func(createZero(), v), func, func, numPartitions,
                                 partitionFunc)",CodeSearchNet,Python function,https://github.com/apache/spark/blob/618d6bff71073c8c93501ab7392c3cc579730f0b/python/pyspark/rdd.py#L1893-L1909,natural/source,,
8157bbe4c09579a3,code,"def groupByKey(self, numPartitions=None, partitionFunc=portable_hash):
        """"""
        Group the values for each key in the RDD into a single sequence.
        Hash-partitions the resulting RDD with numPartitions partitions.

        .. note:: If you are grouping in order to perform an aggregation (such as a
            sum or average) over each key, using reduceByKey or aggregateByKey will
            provide much better performance.

        >>> rdd = sc.parallelize([(""a"", 1), (""b"", 1), (""a"", 1)])
        >>> sorted(rdd.groupByKey().mapValues(len).collect())
        [('a', 2), ('b', 1)]
        >>> sorted(rdd.groupByKey().mapValues(list).collect())
        [('a', [1, 1]), ('b', [1])]
        """"""
        def createCombiner(x):
            return [x]

        def mergeValue(xs, x):
            xs.append(x)
            return xs

        def mergeCombiners(a, b):
            a.extend(b)
            return a

        memory = self._memory_limit()
        serializer = self._jrdd_deserializer
        agg = Aggregator(createCombiner, mergeValue, mergeCombiners)

        def combine(iterator):
            merger = ExternalMerger(agg, memory * 0.9, serializer)
            merger.mergeValues(iterator)
            return merger.items()

        locally_combined = self.mapPartitions(combine, preservesPartitioning=True)
        shuffled = locally_combined.partitionBy(numPartitions, partitionFunc)

        def groupByKey(it):
            merger = ExternalGroupBy(agg, memory, serializer)
            merger.mergeCombiners(it)
            return merger.items()

        return shuffled.mapPartitions(groupByKey, True).mapValues(ResultIterable)",CodeSearchNet,Python function,https://github.com/apache/spark/blob/618d6bff71073c8c93501ab7392c3cc579730f0b/python/pyspark/rdd.py#L1915-L1958,natural/source,,
9edb7e961242e1f8,code,"def flatMapValues(self, f):
        """"""
        Pass each value in the key-value pair RDD through a flatMap function
        without changing the keys; this also retains the original RDD's
        partitioning.

        >>> x = sc.parallelize([(""a"", [""x"", ""y"", ""z""]), (""b"", [""p"", ""r""])])
        >>> def f(x): return x
        >>> x.flatMapValues(f).collect()
        [('a', 'x'), ('a', 'y'), ('a', 'z'), ('b', 'p'), ('b', 'r')]
        """"""
        flat_map_fn = lambda kv: ((kv[0], x) for x in f(kv[1]))
        return self.flatMap(flat_map_fn, preservesPartitioning=True)",CodeSearchNet,Python function,https://github.com/apache/spark/blob/618d6bff71073c8c93501ab7392c3cc579730f0b/python/pyspark/rdd.py#L1960-L1972,natural/source,,
5b15e9fbc0d8402c,code,"def mapValues(self, f):
        """"""
        Pass each value in the key-value pair RDD through a map function
        without changing the keys; this also retains the original RDD's
        partitioning.

        >>> x = sc.parallelize([(""a"", [""apple"", ""banana"", ""lemon""]), (""b"", [""grapes""])])
        >>> def f(x): return len(x)
        >>> x.mapValues(f).collect()
        [('a', 3), ('b', 1)]
        """"""
        map_values_fn = lambda kv: (kv[0], f(kv[1]))
        return self.map(map_values_fn, preservesPartitioning=True)",CodeSearchNet,Python function,https://github.com/apache/spark/blob/618d6bff71073c8c93501ab7392c3cc579730f0b/python/pyspark/rdd.py#L1974-L1986,natural/source,,
8aab6fcd7aa25c64,code,"def sampleByKey(self, withReplacement, fractions, seed=None):
        """"""
        Return a subset of this RDD sampled by key (via stratified sampling).
        Create a sample of this RDD using variable sampling rates for
        different keys as specified by fractions, a key to sampling rate map.

        >>> fractions = {""a"": 0.2, ""b"": 0.1}
        >>> rdd = sc.parallelize(fractions.keys()).cartesian(sc.parallelize(range(0, 1000)))
        >>> sample = dict(rdd.sampleByKey(False, fractions, 2).groupByKey().collect())
        >>> 100 < len(sample[""a""]) < 300 and 50 < len(sample[""b""]) < 150
        True
        >>> max(sample[""a""]) <= 999 and min(sample[""a""]) >= 0
        True
        >>> max(sample[""b""]) <= 999 and min(sample[""b""]) >= 0
        True
        """"""
        for fraction in fractions.values():
            assert fraction >= 0.0, ""Negative fraction value: %s"" % fraction
        return self.mapPartitionsWithIndex(
            RDDStratifiedSampler(withReplacement, fractions, seed).func, True)",CodeSearchNet,Python function,https://github.com/apache/spark/blob/618d6bff71073c8c93501ab7392c3cc579730f0b/python/pyspark/rdd.py#L2016-L2035,natural/source,,
90eb77b1585987a1,code,"def subtractByKey(self, other, numPartitions=None):
        """"""
        Return each (key, value) pair in C{self} that has no pair with matching
        key in C{other}.

        >>> x = sc.parallelize([(""a"", 1), (""b"", 4), (""b"", 5), (""a"", 2)])
        >>> y = sc.parallelize([(""a"", 3), (""c"", None)])
        >>> sorted(x.subtractByKey(y).collect())
        [('b', 4), ('b', 5)]
        """"""
        def filter_func(pair):
            key, (val1, val2) = pair
            return val1 and not val2
        return self.cogroup(other, numPartitions).filter(filter_func).flatMapValues(lambda x: x[0])",CodeSearchNet,Python function,https://github.com/apache/spark/blob/618d6bff71073c8c93501ab7392c3cc579730f0b/python/pyspark/rdd.py#L2037-L2050,natural/source,,
e5ceac0cbc801531,code,"def subtract(self, other, numPartitions=None):
        """"""
        Return each value in C{self} that is not contained in C{other}.

        >>> x = sc.parallelize([(""a"", 1), (""b"", 4), (""b"", 5), (""a"", 3)])
        >>> y = sc.parallelize([(""a"", 3), (""c"", None)])
        >>> sorted(x.subtract(y).collect())
        [('a', 1), ('b', 4), ('b', 5)]
        """"""
        # note: here 'True' is just a placeholder
        rdd = other.map(lambda x: (x, True))
        return self.map(lambda x: (x, True)).subtractByKey(rdd, numPartitions).keys()",CodeSearchNet,Python function,https://github.com/apache/spark/blob/618d6bff71073c8c93501ab7392c3cc579730f0b/python/pyspark/rdd.py#L2052-L2063,natural/source,,
45850c9090b9657c,code,"def coalesce(self, numPartitions, shuffle=False):
        """"""
        Return a new RDD that is reduced into `numPartitions` partitions.

        >>> sc.parallelize([1, 2, 3, 4, 5], 3).glom().collect()
        [[1], [2, 3], [4, 5]]
        >>> sc.parallelize([1, 2, 3, 4, 5], 3).coalesce(1).glom().collect()
        [[1, 2, 3, 4, 5]]
        """"""
        if shuffle:
            # Decrease the batch size in order to distribute evenly the elements across output
            # partitions. Otherwise, repartition will possibly produce highly skewed partitions.
            batchSize = min(10, self.ctx._batchSize or 1024)
            ser = BatchedSerializer(PickleSerializer(), batchSize)
            selfCopy = self._reserialize(ser)
            jrdd_deserializer = selfCopy._jrdd_deserializer
            jrdd = selfCopy._jrdd.coalesce(numPartitions, shuffle)
        else:
            jrdd_deserializer = self._jrdd_deserializer
            jrdd = self._jrdd.coalesce(numPartitions, shuffle)
        return RDD(jrdd, self.ctx, jrdd_deserializer)",CodeSearchNet,Python function,https://github.com/apache/spark/blob/618d6bff71073c8c93501ab7392c3cc579730f0b/python/pyspark/rdd.py#L2095-L2115,natural/source,,
d4a3a5fa1edbdccb,code,"def zipWithIndex(self):
        """"""
        Zips this RDD with its element indices.

        The ordering is first based on the partition index and then the
        ordering of items within each partition. So the first item in
        the first partition gets index 0, and the last item in the last
        partition receives the largest index.

        This method needs to trigger a spark job when this RDD contains
        more than one partitions.

        >>> sc.parallelize([""a"", ""b"", ""c"", ""d""], 3).zipWithIndex().collect()
        [('a', 0), ('b', 1), ('c', 2), ('d', 3)]
        """"""
        starts = [0]
        if self.getNumPartitions() > 1:
            nums = self.mapPartitions(lambda it: [sum(1 for i in it)]).collect()
            for i in range(len(nums) - 1):
                starts.append(starts[-1] + nums[i])

        def func(k, it):
            for i, v in enumerate(it, starts[k]):
                yield v, i

        return self.mapPartitionsWithIndex(func)",CodeSearchNet,Python function,https://github.com/apache/spark/blob/618d6bff71073c8c93501ab7392c3cc579730f0b/python/pyspark/rdd.py#L2159-L2184,natural/source,,
9cb2953d46f550c4,code,"def zipWithUniqueId(self):
        """"""
        Zips this RDD with generated unique Long ids.

        Items in the kth partition will get ids k, n+k, 2*n+k, ..., where
        n is the number of partitions. So there may exist gaps, but this
        method won't trigger a spark job, which is different from
        L{zipWithIndex}

        >>> sc.parallelize([""a"", ""b"", ""c"", ""d"", ""e""], 3).zipWithUniqueId().collect()
        [('a', 0), ('b', 1), ('c', 4), ('d', 2), ('e', 5)]
        """"""
        n = self.getNumPartitions()

        def func(k, it):
            for i, v in enumerate(it):
                yield v, i * n + k

        return self.mapPartitionsWithIndex(func)",CodeSearchNet,Python function,https://github.com/apache/spark/blob/618d6bff71073c8c93501ab7392c3cc579730f0b/python/pyspark/rdd.py#L2186-L2204,natural/source,,
eefbeab3314c2a5f,code,"def getStorageLevel(self):
        """"""
        Get the RDD's current storage level.

        >>> rdd1 = sc.parallelize([1,2])
        >>> rdd1.getStorageLevel()
        StorageLevel(False, False, False, False, 1)
        >>> print(rdd1.getStorageLevel())
        Serialized 1x Replicated
        """"""
        java_storage_level = self._jrdd.getStorageLevel()
        storage_level = StorageLevel(java_storage_level.useDisk(),
                                     java_storage_level.useMemory(),
                                     java_storage_level.useOffHeap(),
                                     java_storage_level.deserialized(),
                                     java_storage_level.replication())
        return storage_level",CodeSearchNet,Python function,https://github.com/apache/spark/blob/618d6bff71073c8c93501ab7392c3cc579730f0b/python/pyspark/rdd.py#L2234-L2250,natural/source,,
4ab5facf94f6174c,code,"def _defaultReducePartitions(self):
        """"""
        Returns the default number of partitions to use during reduce tasks (e.g., groupBy).
        If spark.default.parallelism is set, then we'll use the value from SparkContext
        defaultParallelism, otherwise we'll use the number of partitions in this RDD.

        This mirrors the behavior of the Scala Partitioner#defaultPartitioner, intended to reduce
        the likelihood of OOMs. Once PySpark adopts Partitioner-based APIs, this behavior will
        be inherent.
        """"""
        if self.ctx._conf.contains(""spark.default.parallelism""):
            return self.ctx.defaultParallelism
        else:
            return self.getNumPartitions()",CodeSearchNet,Python function,https://github.com/apache/spark/blob/618d6bff71073c8c93501ab7392c3cc579730f0b/python/pyspark/rdd.py#L2252-L2265,natural/source,,
58fb67680b205274,code,"def lookup(self, key):
        """"""
        Return the list of values in the RDD for key `key`. This operation
        is done efficiently if the RDD has a known partitioner by only
        searching the partition that the key maps to.

        >>> l = range(1000)
        >>> rdd = sc.parallelize(zip(l, l), 10)
        >>> rdd.lookup(42)  # slow
        [42]
        >>> sorted = rdd.sortByKey()
        >>> sorted.lookup(42)  # fast
        [42]
        >>> sorted.lookup(1024)
        []
        >>> rdd2 = sc.parallelize([(('a', 'b'), 'c')]).groupByKey()
        >>> list(rdd2.lookup(('a', 'b'))[0])
        ['c']
        """"""
        values = self.filter(lambda kv: kv[0] == key).values()

        if self.partitioner is not None:
            return self.ctx.runJob(values, lambda x: x, [self.partitioner(key)])

        return values.collect()",CodeSearchNet,Python function,https://github.com/apache/spark/blob/618d6bff71073c8c93501ab7392c3cc579730f0b/python/pyspark/rdd.py#L2267-L2291,natural/source,,
6b3f4fa12e894f9f,code,"def _to_java_object_rdd(self):
        """""" Return a JavaRDD of Object by unpickling

        It will convert each Python object into Java object by Pyrolite, whenever the
        RDD is serialized in batch or not.
        """"""
        rdd = self._pickled()
        return self.ctx._jvm.SerDeUtil.pythonToJava(rdd._jrdd, True)",CodeSearchNet,Python function,https://github.com/apache/spark/blob/618d6bff71073c8c93501ab7392c3cc579730f0b/python/pyspark/rdd.py#L2293-L2300,natural/source,,
aba57376a1b2da79,code,"def countApprox(self, timeout, confidence=0.95):
        """"""
        .. note:: Experimental

        Approximate version of count() that returns a potentially incomplete
        result within a timeout, even if not all tasks have finished.

        >>> rdd = sc.parallelize(range(1000), 10)
        >>> rdd.countApprox(1000, 1.0)
        1000
        """"""
        drdd = self.mapPartitions(lambda it: [float(sum(1 for i in it))])
        return int(drdd.sumApprox(timeout, confidence))",CodeSearchNet,Python function,https://github.com/apache/spark/blob/618d6bff71073c8c93501ab7392c3cc579730f0b/python/pyspark/rdd.py#L2302-L2314,natural/source,,
1e45fe4ba3386868,code,"def sumApprox(self, timeout, confidence=0.95):
        """"""
        .. note:: Experimental

        Approximate operation to return the sum within a timeout
        or meet the confidence.

        >>> rdd = sc.parallelize(range(1000), 10)
        >>> r = sum(range(1000))
        >>> abs(rdd.sumApprox(1000) - r) / r < 0.05
        True
        """"""
        jrdd = self.mapPartitions(lambda it: [float(sum(it))])._to_java_object_rdd()
        jdrdd = self.ctx._jvm.JavaDoubleRDD.fromRDD(jrdd.rdd())
        r = jdrdd.sumApprox(timeout, confidence).getFinalValue()
        return BoundedFloat(r.mean(), r.confidence(), r.low(), r.high())",CodeSearchNet,Python function,https://github.com/apache/spark/blob/618d6bff71073c8c93501ab7392c3cc579730f0b/python/pyspark/rdd.py#L2316-L2331,natural/source,,
7062f5bb26c9f200,code,"def meanApprox(self, timeout, confidence=0.95):
        """"""
        .. note:: Experimental

        Approximate operation to return the mean within a timeout
        or meet the confidence.

        >>> rdd = sc.parallelize(range(1000), 10)
        >>> r = sum(range(1000)) / 1000.0
        >>> abs(rdd.meanApprox(1000) - r) / r < 0.05
        True
        """"""
        jrdd = self.map(float)._to_java_object_rdd()
        jdrdd = self.ctx._jvm.JavaDoubleRDD.fromRDD(jrdd.rdd())
        r = jdrdd.meanApprox(timeout, confidence).getFinalValue()
        return BoundedFloat(r.mean(), r.confidence(), r.low(), r.high())",CodeSearchNet,Python function,https://github.com/apache/spark/blob/618d6bff71073c8c93501ab7392c3cc579730f0b/python/pyspark/rdd.py#L2333-L2348,natural/source,,
61271367201ce073,code,"def countApproxDistinct(self, relativeSD=0.05):
        """"""
        .. note:: Experimental

        Return approximate number of distinct elements in the RDD.

        The algorithm used is based on streamlib's implementation of
        `""HyperLogLog in Practice: Algorithmic Engineering of a State
        of The Art Cardinality Estimation Algorithm"", available here
        <https://doi.org/10.1145/2452376.2452456>`_.

        :param relativeSD: Relative accuracy. Smaller values create
                           counters that require more space.
                           It must be greater than 0.000017.

        >>> n = sc.parallelize(range(1000)).map(str).countApproxDistinct()
        >>> 900 < n < 1100
        True
        >>> n = sc.parallelize([i % 20 for i in range(1000)]).countApproxDistinct()
        >>> 16 < n < 24
        True
        """"""
        if relativeSD < 0.000017:
            raise ValueError(""relativeSD should be greater than 0.000017"")
        # the hash space in Java is 2^32
        hashRDD = self.map(lambda x: portable_hash(x) & 0xFFFFFFFF)
        return hashRDD._to_java_object_rdd().countApproxDistinct(relativeSD)",CodeSearchNet,Python function,https://github.com/apache/spark/blob/618d6bff71073c8c93501ab7392c3cc579730f0b/python/pyspark/rdd.py#L2350-L2376,natural/source,,
3c75c9feb995ac62,code,"def toLocalIterator(self):
        """"""
        Return an iterator that contains all of the elements in this RDD.
        The iterator will consume as much memory as the largest partition in this RDD.

        >>> rdd = sc.parallelize(range(10))
        >>> [x for x in rdd.toLocalIterator()]
        [0, 1, 2, 3, 4, 5, 6, 7, 8, 9]
        """"""
        with SCCallSiteSync(self.context) as css:
            sock_info = self.ctx._jvm.PythonRDD.toLocalIteratorAndServe(self._jrdd.rdd())
        return _load_from_socket(sock_info, self._jrdd_deserializer)",CodeSearchNet,Python function,https://github.com/apache/spark/blob/618d6bff71073c8c93501ab7392c3cc579730f0b/python/pyspark/rdd.py#L2378-L2389,natural/source,,
455e5d472bb17bae,url,https://github.com/ageitgey/face_recognition/blob/c96b010c02f15e8eeb0f71308c641179ac1f19bb/examples/face_recognition_knn.py#L46-L108,CodeSearchNet,GitHub source URL,row_0,natural/source,,
aa7a3b21b4f3f723,url,https://github.com/ageitgey/face_recognition/blob/c96b010c02f15e8eeb0f71308c641179ac1f19bb/examples/face_recognition_knn.py#L111-L150,CodeSearchNet,GitHub source URL,row_1,natural/source,,
b4704ba5cf0732a4,url,https://github.com/ageitgey/face_recognition/blob/c96b010c02f15e8eeb0f71308c641179ac1f19bb/examples/face_recognition_knn.py#L153-L181,CodeSearchNet,GitHub source URL,row_2,natural/source,,
ea2beaf938573793,url,https://github.com/ageitgey/face_recognition/blob/c96b010c02f15e8eeb0f71308c641179ac1f19bb/face_recognition/api.py#L32-L39,CodeSearchNet,GitHub source URL,row_3,natural/source,,
2ad35be8b6cd4407,url,https://github.com/ageitgey/face_recognition/blob/c96b010c02f15e8eeb0f71308c641179ac1f19bb/face_recognition/api.py#L52-L60,CodeSearchNet,GitHub source URL,row_4,natural/source,,
e848759c8e825436,url,https://github.com/ageitgey/face_recognition/blob/c96b010c02f15e8eeb0f71308c641179ac1f19bb/face_recognition/api.py#L63-L75,CodeSearchNet,GitHub source URL,row_5,natural/source,,
1f0281ea7a9ba7a7,url,https://github.com/ageitgey/face_recognition/blob/c96b010c02f15e8eeb0f71308c641179ac1f19bb/face_recognition/api.py#L78-L89,CodeSearchNet,GitHub source URL,row_6,natural/source,,
c2cadbf5183bc4fe,url,https://github.com/ageitgey/face_recognition/blob/c96b010c02f15e8eeb0f71308c641179ac1f19bb/face_recognition/api.py#L92-L105,CodeSearchNet,GitHub source URL,row_7,natural/source,,
fce914d31001029f,url,https://github.com/ageitgey/face_recognition/blob/c96b010c02f15e8eeb0f71308c641179ac1f19bb/face_recognition/api.py#L108-L121,CodeSearchNet,GitHub source URL,row_8,natural/source,,
1cc83c6603e4d169,url,https://github.com/ageitgey/face_recognition/blob/c96b010c02f15e8eeb0f71308c641179ac1f19bb/face_recognition/api.py#L135-L151,CodeSearchNet,GitHub source URL,row_9,natural/source,,
f0ec0c34d97dd5ca,url,https://github.com/ageitgey/face_recognition/blob/c96b010c02f15e8eeb0f71308c641179ac1f19bb/face_recognition/api.py#L168-L200,CodeSearchNet,GitHub source URL,row_10,natural/source,,
b2b46214e5b9d9e6,url,https://github.com/ageitgey/face_recognition/blob/c96b010c02f15e8eeb0f71308c641179ac1f19bb/face_recognition/api.py#L203-L213,CodeSearchNet,GitHub source URL,row_11,natural/source,,
fe0451f8bdd698f4,url,https://github.com/apache/spark/blob/618d6bff71073c8c93501ab7392c3cc579730f0b/python/pyspark/sql/types.py#L758-L820,CodeSearchNet,GitHub source URL,row_12,natural/source,,
2b954cb33ba0c41e,url,https://github.com/apache/spark/blob/618d6bff71073c8c93501ab7392c3cc579730f0b/python/pyspark/sql/types.py#L944-L955,CodeSearchNet,GitHub source URL,row_13,natural/source,,
0cb0d128dcaf4239,url,https://github.com/apache/spark/blob/618d6bff71073c8c93501ab7392c3cc579730f0b/python/pyspark/sql/types.py#L1003-L1038,CodeSearchNet,GitHub source URL,row_14,natural/source,,
ecbe6ecf471b05ac,url,https://github.com/apache/spark/blob/618d6bff71073c8c93501ab7392c3cc579730f0b/python/pyspark/sql/types.py#L1041-L1065,CodeSearchNet,GitHub source URL,row_15,natural/source,,
f6d082265015ecb5,url,https://github.com/apache/spark/blob/618d6bff71073c8c93501ab7392c3cc579730f0b/python/pyspark/sql/types.py#L1068-L1077,CodeSearchNet,GitHub source URL,row_16,natural/source,,
c895a8b0ba29e0ec,url,https://github.com/apache/spark/blob/618d6bff71073c8c93501ab7392c3cc579730f0b/python/pyspark/sql/types.py#L1133-L1180,CodeSearchNet,GitHub source URL,row_17,natural/source,,
a46366459b3c8384,url,https://github.com/apache/spark/blob/618d6bff71073c8c93501ab7392c3cc579730f0b/python/pyspark/sql/types.py#L1202-L1391,CodeSearchNet,GitHub source URL,row_18,natural/source,,
09da467639095a95,url,https://github.com/apache/spark/blob/618d6bff71073c8c93501ab7392c3cc579730f0b/python/pyspark/sql/types.py#L1581-L1622,CodeSearchNet,GitHub source URL,row_19,natural/source,,
634b27d339a14074,url,https://github.com/apache/spark/blob/618d6bff71073c8c93501ab7392c3cc579730f0b/python/pyspark/sql/types.py#L1625-L1631,CodeSearchNet,GitHub source URL,row_20,natural/source,,
2ee846371a35f1ba,url,https://github.com/apache/spark/blob/618d6bff71073c8c93501ab7392c3cc579730f0b/python/pyspark/sql/types.py#L1634-L1674,CodeSearchNet,GitHub source URL,row_21,natural/source,,
a6e397888c62145e,url,https://github.com/apache/spark/blob/618d6bff71073c8c93501ab7392c3cc579730f0b/python/pyspark/sql/types.py#L1677-L1682,CodeSearchNet,GitHub source URL,row_22,natural/source,,
5e8b3f8a00cdba26,url,https://github.com/apache/spark/blob/618d6bff71073c8c93501ab7392c3cc579730f0b/python/pyspark/sql/types.py#L1700-L1720,CodeSearchNet,GitHub source URL,row_23,natural/source,,
c0f864da08cda554,url,https://github.com/apache/spark/blob/618d6bff71073c8c93501ab7392c3cc579730f0b/python/pyspark/sql/types.py#L1723-L1736,CodeSearchNet,GitHub source URL,row_24,natural/source,,
e703f1a619a9eadb,url,https://github.com/apache/spark/blob/618d6bff71073c8c93501ab7392c3cc579730f0b/python/pyspark/sql/types.py#L1739-L1789,CodeSearchNet,GitHub source URL,row_25,natural/source,,
6fedcbba5fc37277,url,https://github.com/apache/spark/blob/618d6bff71073c8c93501ab7392c3cc579730f0b/python/pyspark/sql/types.py#L1792-L1817,CodeSearchNet,GitHub source URL,row_26,natural/source,,
46190c9ec61effcb,url,https://github.com/apache/spark/blob/618d6bff71073c8c93501ab7392c3cc579730f0b/python/pyspark/sql/types.py#L491-L537,CodeSearchNet,GitHub source URL,row_27,natural/source,,
049fa6de1c243c8e,url,https://github.com/apache/spark/blob/618d6bff71073c8c93501ab7392c3cc579730f0b/python/pyspark/sql/types.py#L675-L681,CodeSearchNet,GitHub source URL,row_28,natural/source,,
56be7194a36ff43a,url,https://github.com/apache/spark/blob/618d6bff71073c8c93501ab7392c3cc579730f0b/python/pyspark/sql/types.py#L1463-L1492,CodeSearchNet,GitHub source URL,row_29,natural/source,,
de99df2656b57879,url,https://github.com/apache/spark/blob/618d6bff71073c8c93501ab7392c3cc579730f0b/python/pyspark/ml/regression.py#L198-L208,CodeSearchNet,GitHub source URL,row_30,natural/source,,
df6208c67e1c9545,url,https://github.com/apache/spark/blob/618d6bff71073c8c93501ab7392c3cc579730f0b/python/pyspark/ml/regression.py#L211-L222,CodeSearchNet,GitHub source URL,row_31,natural/source,,
136f0266563ddd8d,url,https://github.com/apache/spark/blob/618d6bff71073c8c93501ab7392c3cc579730f0b/python/pyspark/ml/regression.py#L1679-L1690,CodeSearchNet,GitHub source URL,row_32,natural/source,,
bb6e9e7cce1b1c7b,url,https://github.com/apache/spark/blob/618d6bff71073c8c93501ab7392c3cc579730f0b/python/pyspark/ml/regression.py#L1693-L1704,CodeSearchNet,GitHub source URL,row_33,natural/source,,
bcc90a86f448de9b,url,https://github.com/apache/spark/blob/618d6bff71073c8c93501ab7392c3cc579730f0b/python/pyspark/shuffle.py#L71-L79,CodeSearchNet,GitHub source URL,row_34,natural/source,,
3223aba2305e4479,url,https://github.com/apache/spark/blob/618d6bff71073c8c93501ab7392c3cc579730f0b/python/pyspark/shuffle.py#L219-L221,CodeSearchNet,GitHub source URL,row_35,natural/source,,
e83119244d537b7e,url,https://github.com/apache/spark/blob/618d6bff71073c8c93501ab7392c3cc579730f0b/python/pyspark/shuffle.py#L231-L253,CodeSearchNet,GitHub source URL,row_36,natural/source,,
56aa4374468cec46,url,https://github.com/apache/spark/blob/618d6bff71073c8c93501ab7392c3cc579730f0b/python/pyspark/shuffle.py#L265-L289,CodeSearchNet,GitHub source URL,row_37,natural/source,,
61a421c96234dfb0,url,https://github.com/apache/spark/blob/618d6bff71073c8c93501ab7392c3cc579730f0b/python/pyspark/shuffle.py#L291-L337,CodeSearchNet,GitHub source URL,row_38,natural/source,,
edbdeca2593b3985,url,https://github.com/apache/spark/blob/618d6bff71073c8c93501ab7392c3cc579730f0b/python/pyspark/shuffle.py#L339-L343,CodeSearchNet,GitHub source URL,row_39,natural/source,,
23d8900df4f8be7b,url,https://github.com/apache/spark/blob/618d6bff71073c8c93501ab7392c3cc579730f0b/python/pyspark/shuffle.py#L345-L364,CodeSearchNet,GitHub source URL,row_40,natural/source,,
d73f07e49bfee675,url,https://github.com/apache/spark/blob/618d6bff71073c8c93501ab7392c3cc579730f0b/python/pyspark/shuffle.py#L386-L409,CodeSearchNet,GitHub source URL,row_41,natural/source,,
24311ae9acd6f664,url,https://github.com/apache/spark/blob/618d6bff71073c8c93501ab7392c3cc579730f0b/python/pyspark/shuffle.py#L440-L445,CodeSearchNet,GitHub source URL,row_42,natural/source,,
e42490e564f421f4,url,https://github.com/apache/spark/blob/618d6bff71073c8c93501ab7392c3cc579730f0b/python/pyspark/shuffle.py#L455-L501,CodeSearchNet,GitHub source URL,row_43,natural/source,,
1be9276876a1bbc7,url,https://github.com/apache/spark/blob/618d6bff71073c8c93501ab7392c3cc579730f0b/python/pyspark/shuffle.py#L590-L602,CodeSearchNet,GitHub source URL,row_44,natural/source,,
644fbc77da2f70dc,url,https://github.com/apache/spark/blob/618d6bff71073c8c93501ab7392c3cc579730f0b/python/pyspark/shuffle.py#L709-L766,CodeSearchNet,GitHub source URL,row_45,natural/source,,
dc75cde9e1023814,url,https://github.com/apache/spark/blob/618d6bff71073c8c93501ab7392c3cc579730f0b/python/pyspark/shuffle.py#L786-L808,CodeSearchNet,GitHub source URL,row_46,natural/source,,
cee148f9c6296b5a,url,https://github.com/apache/spark/blob/618d6bff71073c8c93501ab7392c3cc579730f0b/python/pyspark/daemon.py#L43-L81,CodeSearchNet,GitHub source URL,row_47,natural/source,,
c81bec7fac3a59e5,url,https://github.com/apache/spark/blob/618d6bff71073c8c93501ab7392c3cc579730f0b/python/pyspark/rdd.py#L78-L106,CodeSearchNet,GitHub source URL,row_48,natural/source,,
3f25d251bd0be9ad,url,https://github.com/apache/spark/blob/618d6bff71073c8c93501ab7392c3cc579730f0b/python/pyspark/rdd.py#L125-L138,CodeSearchNet,GitHub source URL,row_49,natural/source,,
b30fb7cf6d16d061,url,https://github.com/apache/spark/blob/618d6bff71073c8c93501ab7392c3cc579730f0b/python/pyspark/rdd.py#L150-L160,CodeSearchNet,GitHub source URL,row_50,natural/source,,
f5f61246702985e6,url,https://github.com/apache/spark/blob/618d6bff71073c8c93501ab7392c3cc579730f0b/python/pyspark/rdd.py#L223-L229,CodeSearchNet,GitHub source URL,row_51,natural/source,,
4c7cd684ab6734c5,url,https://github.com/apache/spark/blob/618d6bff71073c8c93501ab7392c3cc579730f0b/python/pyspark/rdd.py#L231-L245,CodeSearchNet,GitHub source URL,row_52,natural/source,,
a5f46f5a7b3a0a14,url,https://github.com/apache/spark/blob/618d6bff71073c8c93501ab7392c3cc579730f0b/python/pyspark/rdd.py#L247-L258,CodeSearchNet,GitHub source URL,row_53,natural/source,,
20ebc9a8833d26e6,url,https://github.com/apache/spark/blob/618d6bff71073c8c93501ab7392c3cc579730f0b/python/pyspark/rdd.py#L307-L315,CodeSearchNet,GitHub source URL,row_54,natural/source,,
f26746db97d02c61,url,https://github.com/apache/spark/blob/618d6bff71073c8c93501ab7392c3cc579730f0b/python/pyspark/rdd.py#L317-L327,CodeSearchNet,GitHub source URL,row_55,natural/source,,
7ff3bde0b759f138,url,https://github.com/apache/spark/blob/618d6bff71073c8c93501ab7392c3cc579730f0b/python/pyspark/rdd.py#L329-L342,CodeSearchNet,GitHub source URL,row_56,natural/source,,
81a96c99950f7db7,url,https://github.com/apache/spark/blob/618d6bff71073c8c93501ab7392c3cc579730f0b/python/pyspark/rdd.py#L344-L355,CodeSearchNet,GitHub source URL,row_57,natural/source,,
c2ba210f517385c5,url,https://github.com/apache/spark/blob/618d6bff71073c8c93501ab7392c3cc579730f0b/python/pyspark/rdd.py#L369-L383,CodeSearchNet,GitHub source URL,row_58,natural/source,,
60436db5e81fa5e2,url,https://github.com/apache/spark/blob/618d6bff71073c8c93501ab7392c3cc579730f0b/python/pyspark/rdd.py#L407-L416,CodeSearchNet,GitHub source URL,row_59,natural/source,,
239f27eed30850c5,url,https://github.com/apache/spark/blob/618d6bff71073c8c93501ab7392c3cc579730f0b/python/pyspark/rdd.py#L418-L436,CodeSearchNet,GitHub source URL,row_60,natural/source,,
88b50b01adcf6426,url,https://github.com/apache/spark/blob/618d6bff71073c8c93501ab7392c3cc579730f0b/python/pyspark/rdd.py#L438-L462,CodeSearchNet,GitHub source URL,row_61,natural/source,,
40201783b9784f5d,url,https://github.com/apache/spark/blob/618d6bff71073c8c93501ab7392c3cc579730f0b/python/pyspark/rdd.py#L465-L518,CodeSearchNet,GitHub source URL,row_62,natural/source,,
b8cc0a0cd6f2ed16,url,https://github.com/apache/spark/blob/618d6bff71073c8c93501ab7392c3cc579730f0b/python/pyspark/rdd.py#L521-L551,CodeSearchNet,GitHub source URL,row_63,natural/source,,
5ef08b8c202ba6ca,url,https://github.com/apache/spark/blob/618d6bff71073c8c93501ab7392c3cc579730f0b/python/pyspark/rdd.py#L553-L574,CodeSearchNet,GitHub source URL,row_64,natural/source,,
4327b9461835b62f,url,https://github.com/apache/spark/blob/618d6bff71073c8c93501ab7392c3cc579730f0b/python/pyspark/rdd.py#L576-L591,CodeSearchNet,GitHub source URL,row_65,natural/source,,
15ed6383cf2d7398,url,https://github.com/apache/spark/blob/618d6bff71073c8c93501ab7392c3cc579730f0b/python/pyspark/rdd.py#L612-L633,CodeSearchNet,GitHub source URL,row_66,natural/source,,
23a1602a12626d6a,url,https://github.com/apache/spark/blob/618d6bff71073c8c93501ab7392c3cc579730f0b/python/pyspark/rdd.py#L635-L689,CodeSearchNet,GitHub source URL,row_67,natural/source,,
e3b55d8b55306e39,url,https://github.com/apache/spark/blob/618d6bff71073c8c93501ab7392c3cc579730f0b/python/pyspark/rdd.py#L691-L701,CodeSearchNet,GitHub source URL,row_68,natural/source,,
e2cfae4f55ac5acd,url,https://github.com/apache/spark/blob/618d6bff71073c8c93501ab7392c3cc579730f0b/python/pyspark/rdd.py#L716-L729,CodeSearchNet,GitHub source URL,row_69,natural/source,,
93c6b605fcec0485,url,https://github.com/apache/spark/blob/618d6bff71073c8c93501ab7392c3cc579730f0b/python/pyspark/rdd.py#L731-L740,CodeSearchNet,GitHub source URL,row_70,natural/source,,
badf847bcf064d96,url,https://github.com/apache/spark/blob/618d6bff71073c8c93501ab7392c3cc579730f0b/python/pyspark/rdd.py#L743-L776,CodeSearchNet,GitHub source URL,row_71,natural/source,,
2758a210b9e1bcb5,url,https://github.com/apache/spark/blob/618d6bff71073c8c93501ab7392c3cc579730f0b/python/pyspark/rdd.py#L778-L791,CodeSearchNet,GitHub source URL,row_72,natural/source,,
5f41d3402e186653,url,https://github.com/apache/spark/blob/618d6bff71073c8c93501ab7392c3cc579730f0b/python/pyspark/rdd.py#L793-L808,CodeSearchNet,GitHub source URL,row_73,natural/source,,
762f3dd821bcd9da,url,https://github.com/apache/spark/blob/618d6bff71073c8c93501ab7392c3cc579730f0b/python/pyspark/rdd.py#L810-L819,CodeSearchNet,GitHub source URL,row_74,natural/source,,
503111401a01e0ec,url,https://github.com/apache/spark/blob/618d6bff71073c8c93501ab7392c3cc579730f0b/python/pyspark/rdd.py#L821-L849,CodeSearchNet,GitHub source URL,row_75,natural/source,,
608959db1000c566,url,https://github.com/apache/spark/blob/618d6bff71073c8c93501ab7392c3cc579730f0b/python/pyspark/rdd.py#L851-L886,CodeSearchNet,GitHub source URL,row_76,natural/source,,
703eb590214be5c5,url,https://github.com/apache/spark/blob/618d6bff71073c8c93501ab7392c3cc579730f0b/python/pyspark/rdd.py#L888-L920,CodeSearchNet,GitHub source URL,row_77,natural/source,,
8aa7dbbaf827985d,url,https://github.com/apache/spark/blob/618d6bff71073c8c93501ab7392c3cc579730f0b/python/pyspark/rdd.py#L922-L955,CodeSearchNet,GitHub source URL,row_78,natural/source,,
7c1172ed04e0ee0d,url,https://github.com/apache/spark/blob/618d6bff71073c8c93501ab7392c3cc579730f0b/python/pyspark/rdd.py#L957-L1007,CodeSearchNet,GitHub source URL,row_79,natural/source,,
2e1b1efeb2ef9f83,url,https://github.com/apache/spark/blob/618d6bff71073c8c93501ab7392c3cc579730f0b/python/pyspark/rdd.py#L1009-L1023,CodeSearchNet,GitHub source URL,row_80,natural/source,,
0d370a76d85eb5b9,url,https://github.com/apache/spark/blob/618d6bff71073c8c93501ab7392c3cc579730f0b/python/pyspark/rdd.py#L1025-L1039,CodeSearchNet,GitHub source URL,row_81,natural/source,,
68f9f64e20799471,url,https://github.com/apache/spark/blob/618d6bff71073c8c93501ab7392c3cc579730f0b/python/pyspark/rdd.py#L1041-L1048,CodeSearchNet,GitHub source URL,row_82,natural/source,,
081a2038849c89be,url,https://github.com/apache/spark/blob/618d6bff71073c8c93501ab7392c3cc579730f0b/python/pyspark/rdd.py#L1059-L1067,CodeSearchNet,GitHub source URL,row_83,natural/source,,
34c8ccb7eb3cb1f4,url,https://github.com/apache/spark/blob/618d6bff71073c8c93501ab7392c3cc579730f0b/python/pyspark/rdd.py#L1069-L1195,CodeSearchNet,GitHub source URL,row_84,natural/source,,
99dd4bffefdccac8,url,https://github.com/apache/spark/blob/618d6bff71073c8c93501ab7392c3cc579730f0b/python/pyspark/rdd.py#L1245-L1263,CodeSearchNet,GitHub source URL,row_85,natural/source,,
670f58ed474cd13c,url,https://github.com/apache/spark/blob/618d6bff71073c8c93501ab7392c3cc579730f0b/python/pyspark/rdd.py#L1265-L1287,CodeSearchNet,GitHub source URL,row_86,natural/source,,
6c4ef2c0cf151417,url,https://github.com/apache/spark/blob/618d6bff71073c8c93501ab7392c3cc579730f0b/python/pyspark/rdd.py#L1289-L1306,CodeSearchNet,GitHub source URL,row_87,natural/source,,
1ff7d786d30c1127,url,https://github.com/apache/spark/blob/618d6bff71073c8c93501ab7392c3cc579730f0b/python/pyspark/rdd.py#L1308-L1367,CodeSearchNet,GitHub source URL,row_88,natural/source,,
69252e199845e266,url,https://github.com/apache/spark/blob/618d6bff71073c8c93501ab7392c3cc579730f0b/python/pyspark/rdd.py#L1398-L1412,CodeSearchNet,GitHub source URL,row_89,natural/source,,
d64c5acf7782a197,url,https://github.com/apache/spark/blob/618d6bff71073c8c93501ab7392c3cc579730f0b/python/pyspark/rdd.py#L1414-L1440,CodeSearchNet,GitHub source URL,row_90,natural/source,,
d578c81368e46765,url,https://github.com/apache/spark/blob/618d6bff71073c8c93501ab7392c3cc579730f0b/python/pyspark/rdd.py#L1489-L1503,CodeSearchNet,GitHub source URL,row_91,natural/source,,
0a593475e90c1dd5,url,https://github.com/apache/spark/blob/618d6bff71073c8c93501ab7392c3cc579730f0b/python/pyspark/rdd.py#L1505-L1521,CodeSearchNet,GitHub source URL,row_92,natural/source,,
4c985039fda3928b,url,https://github.com/apache/spark/blob/618d6bff71073c8c93501ab7392c3cc579730f0b/python/pyspark/rdd.py#L1524-L1572,CodeSearchNet,GitHub source URL,row_93,natural/source,,
db0b6a218d10f764,url,https://github.com/apache/spark/blob/618d6bff71073c8c93501ab7392c3cc579730f0b/python/pyspark/rdd.py#L1611-L1627,CodeSearchNet,GitHub source URL,row_94,natural/source,,
9929e179ec413cad,url,https://github.com/apache/spark/blob/618d6bff71073c8c93501ab7392c3cc579730f0b/python/pyspark/rdd.py#L1629-L1654,CodeSearchNet,GitHub source URL,row_95,natural/source,,
b4749ac58eeffffc,url,https://github.com/apache/spark/blob/618d6bff71073c8c93501ab7392c3cc579730f0b/python/pyspark/rdd.py#L1742-L1810,CodeSearchNet,GitHub source URL,row_96,natural/source,,
e4b3c1cb7690b69e,url,https://github.com/apache/spark/blob/618d6bff71073c8c93501ab7392c3cc579730f0b/python/pyspark/rdd.py#L1813-L1874,CodeSearchNet,GitHub source URL,row_97,natural/source,,
f7d7990891a080ac,url,https://github.com/apache/spark/blob/618d6bff71073c8c93501ab7392c3cc579730f0b/python/pyspark/rdd.py#L1876-L1891,CodeSearchNet,GitHub source URL,row_98,natural/source,,
166edc9063c71d83,url,https://github.com/apache/spark/blob/618d6bff71073c8c93501ab7392c3cc579730f0b/python/pyspark/rdd.py#L1893-L1909,CodeSearchNet,GitHub source URL,row_99,natural/source,,
e89d5dfae0c59ca4,emoji,omg [NAME] and his dad walking out together is so cute 😍,GoEmotions,neutral Reddit comment containing emoji,train_108,natural/source,,
a4ee771ae8a822be,emoji,I had 3 last night 🙈 this rant was after glass #1,GoEmotions,neutral Reddit comment containing emoji,train_196,natural/source,,
9ef8fc45d09a33b5,emoji,Or they saved their mom from a lifetime of fixing him... 🤕,GoEmotions,neutral Reddit comment containing emoji,train_555,natural/source,,
8ea33b2f14593388,emoji,"Yeah strong man makes me nervous, imagine if he dropped it on his foot? 😬",GoEmotions,neutral Reddit comment containing emoji,train_946,natural/source,,
7a7ca30b600ae513,emoji,he blocked me right after 😂,GoEmotions,neutral Reddit comment containing emoji,train_1110,natural/source,,
a06d79901c341c9d,emoji,"“[NAME] make y'famous tonight, buddy!” 🤣 Anyway, no manger for him!",GoEmotions,neutral Reddit comment containing emoji,train_1484,natural/source,,
32aaea2828a70531,emoji,"Bro, you SHOULD be thankful for [NAME] 😂😂 if it wasnt for them nobody would know who you guys are",GoEmotions,neutral Reddit comment containing emoji,train_1611,natural/source,,
9bcc70390b4bcff0,emoji,Ahhhh BURN 🔥,GoEmotions,neutral Reddit comment containing emoji,train_2214,natural/source,,
ebf2c52d06b78694,emoji,Crickets 🦗...,GoEmotions,neutral Reddit comment containing emoji,train_2638,natural/source,,
e39d3a32773650e6,emoji,Large McDonalds fry 🙈,GoEmotions,neutral Reddit comment containing emoji,train_3470,natural/source,,
ad8022e808b0f0bb,emoji,"The ONLY thing that would make this the tiniest bit better would be [NAME] installing flat screens in Azusa 😂 thanks for the laugh, all were spot on",GoEmotions,neutral Reddit comment containing emoji,train_3636,natural/source,,
d4502165dca0f14f,emoji,To bad they didn’t SHOOT the low life😡😡😡😡,GoEmotions,neutral Reddit comment containing emoji,train_3999,natural/source,,
3061e18711cfa83b,emoji,That’s pretty cool. Bet your dad is *vewy pwoud* he still has his accent!😂,GoEmotions,neutral Reddit comment containing emoji,train_4349,natural/source,,
9aaceb1538d0f7a7,emoji,"No no, We miss Uncle [NAME]. He cared about is. Until Aunt [NAME] moved in 😕",GoEmotions,neutral Reddit comment containing emoji,train_4503,natural/source,,
5cd74dd65030b077,emoji,🎵 I review you 👏👏 zero bye bitch gone 🎵,GoEmotions,neutral Reddit comment containing emoji,train_4985,natural/source,,
06da4668a43de510,emoji,Boys this team is 🔥🚒,GoEmotions,neutral Reddit comment containing emoji,train_5253,natural/source,,
9762aad9ddd7a693,emoji,Here come the angry [NAME] stans 🤪🌹,GoEmotions,neutral Reddit comment containing emoji,train_5311,natural/source,,
3cbb1c53ae5fed86,emoji,"Oh, I ripped one 😉🍁🔥😗💨☁️💯☁️🤙🏻",GoEmotions,neutral Reddit comment containing emoji,train_5781,natural/source,,
7d3bfa18f6e502c9,emoji,🎶Hello darkness my old friend...,GoEmotions,neutral Reddit comment containing emoji,train_6819,natural/source,,
27640baa4d6e0ceb,emoji,All spreadsheeters are killers but not all killers are spreadsheeters 💡,GoEmotions,neutral Reddit comment containing emoji,train_7358,natural/source,,
1bd61b1b316feefc,emoji,[NAME] face was great the way it was 😔 Hard to watch those first episodes of KUwtK seeing how naturally pretty she was.,GoEmotions,neutral Reddit comment containing emoji,train_8257,natural/source,,
36f79c746728ab72,emoji,Just get divorced and be roommates.‍♀️,GoEmotions,neutral Reddit comment containing emoji,train_8482,natural/source,,
68b6ee4901e52e00,emoji,"OH NO, PARENTS ARE SUPPORTIVE😱😱",GoEmotions,neutral Reddit comment containing emoji,train_8547,natural/source,,
a4f00af4d398fee6,emoji,Life as a chef= late nights with booze and strippers.. wife doesn’t approve of it but hell with her somebody’s got to suck it🤫,GoEmotions,neutral Reddit comment containing emoji,train_8590,natural/source,,
bd1715ada3254aea,emoji,Did you see on ig where HER MAN offered a fake [NAME] profile use of his pj 😂😂,GoEmotions,neutral Reddit comment containing emoji,train_9178,natural/source,,
88ebe5ea54264d9b,emoji,Say it with me now: WE 👏LOVE 👏PAT 👏C 👏AND 👏WE 👏DON’T 👏CARE 👏WHO 👏KNOWS 👏,GoEmotions,neutral Reddit comment containing emoji,train_9480,natural/source,,
2fa6acb2f141a53d,emoji,It’s news to me🤪,GoEmotions,neutral Reddit comment containing emoji,train_10279,natural/source,,
badec75d283706f2,emoji,My cats are single so I can't say I was the ONLY one but at least I had a warm body snuggled against me last night. 😳,GoEmotions,neutral Reddit comment containing emoji,train_10320,natural/source,,
f32f5e4eda134e87,emoji,I really hope [NAME] or [NAME] or somebody from the show sees this 😂,GoEmotions,neutral Reddit comment containing emoji,train_11306,natural/source,,
7272ab443a9156f4,emoji,Next time just tell her she paid for a Venti so that’s what she is getting😂,GoEmotions,neutral Reddit comment containing emoji,train_11503,natural/source,,
8a138559be15da05,emoji,I loved 'You'! [NAME] is just an added bonus. 😁,GoEmotions,neutral Reddit comment containing emoji,train_11520,natural/source,,
fae96a54af42aea4,emoji,They likely just didn’t have enough forex to pay their bill 😂,GoEmotions,neutral Reddit comment containing emoji,train_11806,natural/source,,
20ba386175423d64,emoji,No scratch. Weird. It's almost like she just popped her pimples and smeared the blood. 🤔,GoEmotions,neutral Reddit comment containing emoji,train_12028,natural/source,,
74a00d339433a1ef,emoji,Except that was days ago. 🙄,GoEmotions,neutral Reddit comment containing emoji,train_13095,natural/source,,
fadcc5618b2151f8,emoji,That happens to me even when I’m not stoned‍♂️,GoEmotions,neutral Reddit comment containing emoji,train_13209,natural/source,,
c56daa69dd0e2ef9,emoji,"Oh and just fyi for everyone, the girls are bisexual (obviously haha) and I am Pansexual, though [NAME] thinks she may be Pansexual too 😁",GoEmotions,neutral Reddit comment containing emoji,train_13364,natural/source,,
7ff5113ca40512b8,emoji,"Yes but did you see how bad his reaction was, he was about to crash with her and make it worst, just back up 💨",GoEmotions,neutral Reddit comment containing emoji,train_13813,natural/source,,
e5ce2b6b91a1018a,emoji,This one got me. 💀,GoEmotions,neutral Reddit comment containing emoji,train_14510,natural/source,,
aef9b5e5bb3f91de,emoji,That’s what they get for being greedy 🙃,GoEmotions,neutral Reddit comment containing emoji,train_14779,natural/source,,
363ecb12b906249b,emoji,Arm sleeve DSJ🙌🏻🙌🏻🙌🏻,GoEmotions,neutral Reddit comment containing emoji,train_15614,natural/source,,
d9f8e33f65b5ccef,emoji,Ok why did you bother responding then. ☺️,GoEmotions,neutral Reddit comment containing emoji,train_16007,natural/source,,
e037a81a7f86fd05,emoji,"I hope the saints can finish this, although i think they’re gonna choke 😩. Man i hate philly",GoEmotions,neutral Reddit comment containing emoji,train_16203,natural/source,,
cf461c4266cbc263,emoji,"I never said yes, I just said “they this is vague and hard to give a response to” 🤷🏽‍♀️",GoEmotions,neutral Reddit comment containing emoji,train_16678,natural/source,,
ea74c6ffb7dc94b6,emoji,The NERVE! 🤣,GoEmotions,neutral Reddit comment containing emoji,train_16853,natural/source,,
e9c9476bc880c85f,emoji,And yet OP couldn’t imagine a world in which they kept their brownie at their desk 🤔,GoEmotions,neutral Reddit comment containing emoji,train_17204,natural/source,,
869cc7e5121405ee,emoji,I just wanna know the name of the Dornish princess who reigned before [NAME] ‍♀️,GoEmotions,neutral Reddit comment containing emoji,train_17748,natural/source,,
ab7dc8df8d651ba9,emoji,"Hello there fellow Bolts fan, ride the lightning ⚡️",GoEmotions,neutral Reddit comment containing emoji,train_17931,natural/source,,
6ade18acb22492ac,emoji,They probably be high asf telling you about how they can’t get high 😂,GoEmotions,neutral Reddit comment containing emoji,train_18150,natural/source,,
c1402b00dcd200f5,emoji,Black goodness 😂😂,GoEmotions,neutral Reddit comment containing emoji,train_18316,natural/source,,
56c90068cfe7ea72,emoji,*Questions 3 ❤️,GoEmotions,neutral Reddit comment containing emoji,train_18495,natural/source,,
f966978a534dee51,emoji,This isnt an exaggeration? 🙄,GoEmotions,neutral Reddit comment containing emoji,train_18784,natural/source,,
b92fced70b22aec0,emoji,But then you missed their officiant who looks and sounds like [NAME]! 🤭😳🤣,GoEmotions,neutral Reddit comment containing emoji,train_18879,natural/source,,
6704667d94ae081a,emoji,Those little whippersnappers are always generation-gapping us 😂,GoEmotions,neutral Reddit comment containing emoji,train_19135,natural/source,,
058b5cd2d9774d9e,emoji,I’m not though 😂 I do it by choice. ITS MY CHOICE TO HIT THAT BIG DOPE YA DIG 💪🏼💪🏼💪🏼,GoEmotions,neutral Reddit comment containing emoji,train_19773,natural/source,,
8ada5d13ea8902a8,emoji,She had her chance. 🤷,GoEmotions,neutral Reddit comment containing emoji,train_20396,natural/source,,
eb88b5c5ce5013dc,emoji,So many I can’t stop ❤️❤️❤️,GoEmotions,neutral Reddit comment containing emoji,train_20940,natural/source,,
93ee9897b594236f,emoji,Yeah almost as unfunny as your mom 🤣🤣🤣🤣🤣🤣🤣,GoEmotions,neutral Reddit comment containing emoji,train_21016,natural/source,,
6b5c07015e82db63,emoji,Damn you were thirsty asf for thos first two😂,GoEmotions,neutral Reddit comment containing emoji,train_21500,natural/source,,
cc9503b05081b84a,emoji,Me. I really needed to see this. ☹️,GoEmotions,neutral Reddit comment containing emoji,train_21531,natural/source,,
e4f968c704ed6fd3,emoji,This is so me! ⚰️,GoEmotions,neutral Reddit comment containing emoji,train_21884,natural/source,,
f27d3cdc01cd9e77,emoji,Yeah. She really is. 😊,GoEmotions,neutral Reddit comment containing emoji,train_22156,natural/source,,
c6f99023209bbd8a,emoji,[NAME] has the best facial expressions LOL. Her face is literally this emoji: 😒,GoEmotions,neutral Reddit comment containing emoji,train_22434,natural/source,,
c2dfb93cf32e1cac,emoji,Still pissed we didn’t hire [NAME]. He would’ve brought [NAME] 😭,GoEmotions,neutral Reddit comment containing emoji,train_22472,natural/source,,
62833460db92a5bd,emoji,Now I don’t blame [NAME] for his way of thinking😂 people like this wtf,GoEmotions,neutral Reddit comment containing emoji,train_23244,natural/source,,
dfd8f5b5abd77672,emoji,🎶Living in America🎶,GoEmotions,neutral Reddit comment containing emoji,train_24081,natural/source,,
b6d16be2d6315609,emoji,😵 when 😤 mommy 🤨 gets 👀 the 🤔 🅱️endies 😫 just 🔥🔥🔥 right 👌,GoEmotions,neutral Reddit comment containing emoji,train_24108,natural/source,,
eba654713103252f,emoji,Oh [NAME] 😍,GoEmotions,neutral Reddit comment containing emoji,train_24131,natural/source,,
f139963b4fff895c,emoji,Eòrapaidh for me 😉,GoEmotions,neutral Reddit comment containing emoji,train_24133,natural/source,,
9b32b40dc6302224,emoji,The chick that got out right before him literally said something along the lines of “what if the elevator starts and I get snapped in half” 🙄,GoEmotions,neutral Reddit comment containing emoji,train_24251,natural/source,,
e49a36f922fc2684,emoji,That's what I heard. 🤣 I'm just curious if calling the cops on [NAME] would hurt him or not.,GoEmotions,neutral Reddit comment containing emoji,train_24374,natural/source,,
bb6b3b396e1f50f9,emoji,No he didn’t 😂😂😂 his foot grazed the side of his head and was clearly an accident..,GoEmotions,neutral Reddit comment containing emoji,train_24832,natural/source,,
4d891dc586a037a2,emoji,They arent even commies is the worst part🤣,GoEmotions,neutral Reddit comment containing emoji,train_25943,natural/source,,
63c8a663664bb5b3,emoji,Hello from McAllen too ♥️,GoEmotions,neutral Reddit comment containing emoji,train_26360,natural/source,,
44b4ee0ef26d6a66,emoji,I am some how [NAME] in every situation even if I’m not in a team 😕,GoEmotions,neutral Reddit comment containing emoji,train_26716,natural/source,,
d074bd38bb6a3c1b,emoji,Hmm...I'm very human...I AM a Vampire...🧛‍♀️💜,GoEmotions,neutral Reddit comment containing emoji,train_26981,natural/source,,
22dcd78a83039ee2,emoji,Perhaps you are right and the stereotype that ASD people are math savants may not be as true as I thought 🤔,GoEmotions,neutral Reddit comment containing emoji,train_27258,natural/source,,
0b3f29f0ccee28b6,emoji,"#FURRIES 😾 OUT, OUT! ^👉 #🤚 WE NEED A WALL 🖐️ AROUND R/SUBREDDITDRAMA 👋 AND MAKE R/FURRY_IRL 👐 PAY FOR IT!! ☝️",GoEmotions,neutral Reddit comment containing emoji,train_27637,natural/source,,
efe0b21fb43d0aef,emoji,Wolf and her dog ❤️,GoEmotions,neutral Reddit comment containing emoji,train_27780,natural/source,,
f9d69cecaeed28c4,emoji,Hard work and determination💪💯,GoEmotions,neutral Reddit comment containing emoji,train_27844,natural/source,,
675b18c44b7ab929,emoji,Classic [NAME] right there 🤣,GoEmotions,neutral Reddit comment containing emoji,train_28530,natural/source,,
934723b434680275,emoji,She knows her audience 🤷‍♀️,GoEmotions,neutral Reddit comment containing emoji,train_28867,natural/source,,
9756a3c1fe39eb46,emoji,Oh [NAME] 🙄,GoEmotions,neutral Reddit comment containing emoji,train_29053,natural/source,,
04703060222666b1,emoji,"There where over 40000 stabbings in the UK last year, and this guy reckons these “kids” are just acting tough 😬",GoEmotions,neutral Reddit comment containing emoji,train_29309,natural/source,,
5bb68c42f3da0e1c,emoji,"Nothing makes me exit a video faster ""looking at this made my nipples hard"" 🙄",GoEmotions,neutral Reddit comment containing emoji,train_29586,natural/source,,
5440b7c30a055455,emoji,Ice in his veins... D'L❄,GoEmotions,neutral Reddit comment containing emoji,train_30189,natural/source,,
c121c6866754c5d7,emoji,Can't wait to see this badboy in season 8 😍 😍 😍 When [NAME] listed him among Dragonpit characters i was so happy.,GoEmotions,neutral Reddit comment containing emoji,train_30537,natural/source,,
059ac6a1165a53c8,emoji,How dare they soil the good name of sauerkraut with this most rancid picture of it 🤢,GoEmotions,neutral Reddit comment containing emoji,train_31379,natural/source,,
40360a566eb3c207,emoji,Wouldn’t be surprised one bit. He did beat up [NAME]. Maybe that gets him arrested and that’s how he loses [NAME]. 🤷🏼‍♀️,GoEmotions,neutral Reddit comment containing emoji,train_32425,natural/source,,
6c541d2798327106,emoji,Damn how I wish [NAME] was there just to see his reactions to [NAME] questions 😂😂,GoEmotions,neutral Reddit comment containing emoji,train_32535,natural/source,,
5772fa125d809dc2,emoji,😂😂😂 YES and she fired all her bridesmaids because they didn't text her to ask if she was excited that her wedding was a week away,GoEmotions,neutral Reddit comment containing emoji,train_32896,natural/source,,
73b92660fbe3d7b8,emoji,Don’t forget that he’s only 23 years old 👑🔥,GoEmotions,neutral Reddit comment containing emoji,train_33030,natural/source,,
1cdf190661ade31f,emoji,Smh people aren’t seeing the real issue though. That’s the woman’s bathroom. ‍♂️,GoEmotions,neutral Reddit comment containing emoji,train_33821,natural/source,,
99d186cb0cbce005,emoji,Or In my blood by [NAME]😅,GoEmotions,neutral Reddit comment containing emoji,train_33859,natural/source,,
21b1ea79a161cefb,emoji,Imagine if we were that team that was just 1 piece away instead of the team that is 14. 😭,GoEmotions,neutral Reddit comment containing emoji,train_33919,natural/source,,
6d85716c95aa7a83,emoji,"You’re the exception, bby 😘",GoEmotions,neutral Reddit comment containing emoji,train_35340,natural/source,,
c7d56713d7c7936b,emoji,Darth Plagueis Trilogy AND KOTOR Tv Show &#x200B; (The fallen jedi Animation) &#x200B; ♥\_♥ Let me DREAM,GoEmotions,neutral Reddit comment containing emoji,train_35920,natural/source,,
c61d3d89b49c3d08,emoji,I would like to do that but imagine how weird it would sound to them if they didn’t do it? 😂,GoEmotions,neutral Reddit comment containing emoji,train_36571,natural/source,,
e759780d57ccc804,emoji,Being physically attractive 😒,GoEmotions,neutral Reddit comment containing emoji,train_36829,natural/source,,
f05439400558b165,emoji,"What’s with that woman waving not to record, thanks [NAME] for nothing!👀😐🙄",GoEmotions,neutral Reddit comment containing emoji,train_36893,natural/source,,
9d117cd7b2df1b30,emoji,[NAME] making his triumphant return after snagging #1 last year 🙌,GoEmotions,neutral Reddit comment containing emoji,train_37025,natural/source,,
d1c825dd6d49ce25,misspelling,four words - veil of questionable scince -,Jigsaw benign,internal_delete,b674b9d7ec7391d0,constructed: one benign word typo,,four words - veil of questionable science -
8209229b7b649641,misspelling,"That one anonymous editor 

Thanks for your help with that anonymous user, particularly in reverting the edits on my user page.  I removed the refimprove templates on both the Kent, Ohio and Theodore Roosevelt High School (Kent, Ohio) articles because they really aren't needed.  Both articles can still be improved in many ways, but they both are well-sourced.  Their placement was done in spite, not for any actual encylcopedic reason or concern over content.  It seems that when editors, paticularly new editors, get in a disagreement with me, their solution is to edit the pages I edit the most.  Same thing happened with a newer editor who edited the Akron, Ohio article a little while back if you remember.  I feel the latest edits, particularly what was placed on your and my talk pages and in my user page could be considered Harassment.    
Oh, it's definitely harassment, and the anti-Mormon tone to it makes me sad even though I'm not LDS.  I actually considered posting this to WP:ANI... probably will if the editor persists.",Jigsaw benign,internal_delete,4bebd00622a18d7a,constructed: one benign word typo,,"That one anonymous editor 

Thanks for your help with that anonymous user, particularly in reverting the edits on my user page.  I removed the refimprove templates on both the Kent, Ohio and Theodore Roosevelt High School (Kent, Ohio) articles because they really aren't needed.  Both articles can still be improved in many ways, but they both are well-sourced.  Their placement was done in spite, not for any actual encylcopedic reason or concern over content.  It seems that when editors, particularly new editors, get in a disagreement with me, their solution is to edit the pages I edit the most.  Same thing happened with a newer editor who edited the Akron, Ohio article a little while back if you remember.  I feel the latest edits, particularly what was placed on your and my talk pages and in my user page could be considered Harassment.    
Oh, it's definitely harassment, and the anti-Mormon tone to it makes me sad even though I'm not LDS.  I actually considered posting this to WP:ANI... probably will if the editor persists."
9f55cdb1f4170a95,misspelling,"""

No More
I will no longer be vandalizing Wikipedia or its userpages. I have being doing so for months, mostly because seeing my vandalism or that of others was funny as hell (""""User X got swallowed by a Wale"""" is hilarious, come on) and to punish admins who I felt . My non constructive edits were done out of boredom, especially those  containing racial slurs. (I am not racist, in fact I am racially mixed myself) 

I started editing on Wikipedia (specifically the U of  L page) mainly out of a 'cold war' that developed betw myself & U of L's marketing director, which escalated after I was featured in the Herald Leader critising his marketing of U of L .  
I wanted to show President Ramsey how to market the """"New U of L"""" and Wikipedia was my penpad to this end. 

My vandalism started after a edit conflict over the Courier Journal's sports and editorial coverage, where my (what I felt were) legitment edits on the page for C-J critism were removed and I was blasted. After another C-J my account was blocked.  

Prior to this I had many good edits on KY related pages, which I am proud of. I feel that my work here is now complete and I will only edit in exiting new facts I find out or breaking news.  The Louisville Vandal/Unemployed, living in basement/Brando03/many othes  """,Jigsaw benign,internal_delete,fe0d55760b4074af,constructed: one benign word typo,,"""

No More
I will no longer be vandalizing Wikipedia or its userpages. I have being doing so for months, mostly because seeing my vandalism or that of others was funny as hell (""""User X got swallowed by a Wale"""" is hilarious, come on) and to punish admins who I felt . My non constructive edits were done out of boredom, especially those  containing racial slurs. (I am not racist, in fact I am racially mixed myself) 

I started editing on Wikipedia (specifically the U of  L page) mainly out of a 'cold war' that developed betw myself & U of L's marketing director, which escalated after I was featured in the Herald Leader critising his marketing of U of L .  
I wanted to show President Ramsey how to market the """"New U of L"""" and Wikipedia was my penpad to this end. 

My vandalism started after a edit conflict over the Courier Journal's sports and editorial coverage, where my (what I felt were) legitment edits on the page for C-J critism were removed and I was blasted. After another C-J my account was blocked.  

Prior to this I had many good edits on KY related pages, which I am proud of. I feel that my work here is now complete and I will only edit in exiting new facts I find out or breaking news.  The Louisville Vandal/Unemployed, living in basement/Brando03/many others  """
521bbc31f48937ab,misspelling,"Giing links You only confirmed - in Lithuania is used lithuanized version. I knew this, but this is English WP. What's the reason   of transliteration?",Jigsaw benign,internal_delete,08f01049b4474baf,constructed: one benign word typo,,"Giving links You only confirmed - in Lithuania is used lithuanized version. I knew this, but this is English WP. What's the reason   of transliteration?"
f3dca19d794f41b8,misspelling,", 15 February 2009 (UTC)

If the point is that Warren and his church are viewed as controversial in some circles and that some substantial, clear (particularly to those unfamiliar with the American cultural stew from whih this springs), additional detail should be added to the articles (both here and at Rick Warren) to reflect that, then that should be argued. Otherwise, all this blather over Savage's latest addition to the English language is a waste of time; it's a poor surrogate that avoids mention of such substantive issues. I think it reflects accumulated fatigue from the long arguments over past unsuccessful proposed changes.   06:17",Jigsaw benign,internal_delete,37598ca1c757b133,constructed: one benign word typo,,", 15 February 2009 (UTC)

If the point is that Warren and his church are viewed as controversial in some circles and that some substantial, clear (particularly to those unfamiliar with the American cultural stew from which this springs), additional detail should be added to the articles (both here and at Rick Warren) to reflect that, then that should be argued. Otherwise, all this blather over Savage's latest addition to the English language is a waste of time; it's a poor surrogate that avoids mention of such substantive issues. I think it reflects accumulated fatigue from the long arguments over past unsuccessful proposed changes.   06:17"
badafc581d8ddda1,misspelling,"As I understood it, the usual procedure is to reuqest a citation, rather than simply delete the edit (unless it's clearly vandalism). No worries: I could back up the edit up if I wanted, but I'm bored now.",Jigsaw benign,adjacent_swap,2e162e6c473ac4b2,constructed: one benign word typo,,"As I understood it, the usual procedure is to request a citation, rather than simply delete the edit (unless it's clearly vandalism). No worries: I could back up the edit up if I wanted, but I'm bored now."
fe85c80578ce5eb8,misspelling,"The reason is pretty clear, you have to cite your source for the information. I don't want to get into a fight about it etiher.",Jigsaw benign,adjacent_swap,e23042a5875b688c,constructed: one benign word typo,,"The reason is pretty clear, you have to cite your source for the information. I don't want to get into a fight about it either."
84838d912b4746a7,misspelling,So my band's not notable? Try telilng that all my loyal fans and adoring groupies.,Jigsaw benign,adjacent_swap,35df943a1dd0ce6f,constructed: one benign word typo,,So my band's not notable? Try telling that all my loyal fans and adoring groupies.
3e88cb88335ee966,misspelling,"Very true! Especially when there are ample examples of slights one does _not_ have to infer. Just trip lightly down Greg's maths and logic editing history (Theorem is an excellent starting place) to see that this is far from the first time that Greg has demonstrated an inabiliy and/or unwillingness to edit in a collegial, collaborative manner (not to mention issues of competence). One hoped that he'd found a niche in fiddling with categories where he wouldn't do any damage but alas not. But, just like when Capone was nicked for tax evasion and not his numerous other crimes, one takes victory where one finds it. Good riddance. 198.228.200.170",Jigsaw benign,internal_delete,75a4533ad6af65da,constructed: one benign word typo,,"Very true! Especially when there are ample examples of slights one does _not_ have to infer. Just trip lightly down Greg's maths and logic editing history (Theorem is an excellent starting place) to see that this is far from the first time that Greg has demonstrated an inability and/or unwillingness to edit in a collegial, collaborative manner (not to mention issues of competence). One hoped that he'd found a niche in fiddling with categories where he wouldn't do any damage but alas not. But, just like when Capone was nicked for tax evasion and not his numerous other crimes, one takes victory where one finds it. Good riddance. 198.228.200.170"
07ae398e0fbdca24,misspelling,"I already HAVE reported them, and I've shown you the differences AND put them on the form. I've done everything I can do. We're suppsed to block sockpuppets and vandals, not the people trying to report them. 88.109.31.145",Jigsaw benign,internal_delete,b0410bd1241ae20d,constructed: one benign word typo,,"I already HAVE reported them, and I've shown you the differences AND put them on the form. I've done everything I can do. We're supposed to block sockpuppets and vandals, not the people trying to report them. 88.109.31.145"
4d89f37afd22f077,misspelling,The paranoia of this knwon homophobic user make him uninteresting. Just don't care about him and his homophobic agenda everywhere in wikipedia. 83.112.26.176,Jigsaw benign,adjacent_swap,a3e51305b43bdd71,constructed: one benign word typo,,The paranoia of this known homophobic user make him uninteresting. Just don't care about him and his homophobic agenda everywhere in wikipedia. 83.112.26.176
6770a088f6439e09,misspelling,"""

 Response to HJ Mitchells """"challenge"""" 

Since I am still blocked and cannot post this in response to HJ's challenge nor can I vote for the three candidates I do support, I will leave this here.
Hj Mitchell, please spare us the dramatics of, """"I'll quite if you give me a reason."""" No one here thinks you will quite regardless of any reasons given nor would you be expected too. You are also fully aware that no one is going to mine through your edits looking for wrongdoing. That's just a waste of time and you would likely retort with they are NOTHERE. What I will do, is give you a few examples of what I have seen over a very short span of time. Given a review of any say, month long period, I think we will find the same result within a few percentage points of the mean.
You made an obviously bad call about Protonk, a well respected and long term contributor to this project based on what you term a BLP violation. You state in your comments that this was supported by other admins when anyone who takes the time to actually go there and read the comments will see, that no one supported your decision. This caused a moderate admin to leave the project completely only to allow less moderate admins like yourself more room to exert influence. After reviewing the comment Protonk made, I certainly agree it was a bad comment, but it was absolutely not worthy of a block without any sort of warning or talk page message and it was no worse than your outburst of telling all the editors in an RFA they are Fucking morons"""" because you were the submitter of the RFA and likely had your feelings hurt. An event I note that you were not blocked nor even approached about and as far I can find have never openly apologized for. Although there may be a comment somewhere I do admit. 
You have a tendency to exaggerate in your favor such as can be seen in the previous statement when determining that there was support to summarily block Protonk when there clearly was nt. This can also be seen in reviewing some of the cases on your talk page and talk archives.
As mentioned above, and as noted by several individuals, your Fucking morons''' comment is still too new and does not represent the attitude needed or wanted of a functionary.
You recently unblocked  and revoked his topic ban knowing this user had a long history of Personal attacks and trolling regarding gender topics and gamergate. Within 24 hours that user was again blocked for personal attacks, has continued to stir the pot and make drama and has been drug to at least ANI and Arbcom within the last week as can be seen on their talk page and the mentioned venues.
Even based on your comments here, you clearly have an attitude of knowing better than everyone else whats good for Wikipedia. That arrogance is inappropriate of a functionary.
You give a staggering number of over 13000 blocks and claim it as an achievement. Personally, I see this as proof of your tendency to block first and ask questions later. There is no way you scrutinized all those and I can easily see a lot of mistakes and preventing useful edits from being done througgh bad faith assumptions of guilt, similar to those you displayed towards me for criticizing your actions.
I could keep going, but that is enough IMO to show a pattern of conduct not appropriate of a functionary. 96.255.237.170  """,Jigsaw benign,internal_duplicate,62fdd7aa7c6e0d53,constructed: one benign word typo,,"""

 Response to HJ Mitchells """"challenge"""" 

Since I am still blocked and cannot post this in response to HJ's challenge nor can I vote for the three candidates I do support, I will leave this here.
Hj Mitchell, please spare us the dramatics of, """"I'll quite if you give me a reason."""" No one here thinks you will quite regardless of any reasons given nor would you be expected too. You are also fully aware that no one is going to mine through your edits looking for wrongdoing. That's just a waste of time and you would likely retort with they are NOTHERE. What I will do, is give you a few examples of what I have seen over a very short span of time. Given a review of any say, month long period, I think we will find the same result within a few percentage points of the mean.
You made an obviously bad call about Protonk, a well respected and long term contributor to this project based on what you term a BLP violation. You state in your comments that this was supported by other admins when anyone who takes the time to actually go there and read the comments will see, that no one supported your decision. This caused a moderate admin to leave the project completely only to allow less moderate admins like yourself more room to exert influence. After reviewing the comment Protonk made, I certainly agree it was a bad comment, but it was absolutely not worthy of a block without any sort of warning or talk page message and it was no worse than your outburst of telling all the editors in an RFA they are Fucking morons"""" because you were the submitter of the RFA and likely had your feelings hurt. An event I note that you were not blocked nor even approached about and as far I can find have never openly apologized for. Although there may be a comment somewhere I do admit. 
You have a tendency to exaggerate in your favor such as can be seen in the previous statement when determining that there was support to summarily block Protonk when there clearly was nt. This can also be seen in reviewing some of the cases on your talk page and talk archives.
As mentioned above, and as noted by several individuals, your Fucking morons''' comment is still too new and does not represent the attitude needed or wanted of a functionary.
You recently unblocked  and revoked his topic ban knowing this user had a long history of Personal attacks and trolling regarding gender topics and gamergate. Within 24 hours that user was again blocked for personal attacks, has continued to stir the pot and make drama and has been drug to at least ANI and Arbcom within the last week as can be seen on their talk page and the mentioned venues.
Even based on your comments here, you clearly have an attitude of knowing better than everyone else whats good for Wikipedia. That arrogance is inappropriate of a functionary.
You give a staggering number of over 13000 blocks and claim it as an achievement. Personally, I see this as proof of your tendency to block first and ask questions later. There is no way you scrutinized all those and I can easily see a lot of mistakes and preventing useful edits from being done through bad faith assumptions of guilt, similar to those you displayed towards me for criticizing your actions.
I could keep going, but that is enough IMO to show a pattern of conduct not appropriate of a functionary. 96.255.237.170  """
eb65bc52c5d116d0,misspelling,"I like to keep thinngs on the level, life is about balance, 50/50, ying and yang.",Jigsaw benign,internal_duplicate,4e668c4ec331939c,constructed: one benign word typo,,"I like to keep things on the level, life is about balance, 50/50, ying and yang."
3e692789f9ef0172,misspelling,"Antaeus Feldspar reverts 
Please explain why are you deletig factual information.  23:33, May 21, 2005 (UTC)",Jigsaw benign,internal_delete,8048144789c9131a,constructed: one benign word typo,,"Antaeus Feldspar reverts 
Please explain why are you deleting factual information.  23:33, May 21, 2005 (UTC)"
dbb9e0da96374076,misspelling,wow this whole artcle is retarded. it was clearly written by a fan and is more of a review of their music. its nothing more than some one's opinion. i think it should be deleted if it is cleaned up.,Jigsaw benign,internal_delete,ae7796273776ae2b,constructed: one benign word typo,,wow this whole article is retarded. it was clearly written by a fan and is more of a review of their music. its nothing more than some one's opinion. i think it should be deleted if it is cleaned up.
fa2e1e829f295726,misspelling,"""

 Citylaugh - another puppet of Deng 

It seems that Superdeng has fond yet another puppet to master. User Citylaugh is making edits that seem alot like his work. He reverted practically all my work (along with other users) in the Battle of Budapest article. He began his work in May, totally reverting its current version to some old one. I reverted it back to former one, and the article was left alone for a long time. Now he did it again, identifying me as """"vandal Kurt"""". I reverted it back to the former version, and I hope that he doesn't start a revert war in the article. Regards,  """,Jigsaw benign,internal_delete,570b3ae14ca43883,constructed: one benign word typo,,"""

 Citylaugh - another puppet of Deng 

It seems that Superdeng has found yet another puppet to master. User Citylaugh is making edits that seem alot like his work. He reverted practically all my work (along with other users) in the Battle of Budapest article. He began his work in May, totally reverting its current version to some old one. I reverted it back to former one, and the article was left alone for a long time. Now he did it again, identifying me as """"vandal Kurt"""". I reverted it back to the former version, and I hope that he doesn't start a revert war in the article. Regards,  """
60d9942686ce1845,misspelling,"""Here is the quote from the Izel Jenkins page on Wikipedia: (http://en.wikipedia.org/wiki/Izel_Jenkins)

""""Jenkins acquired the nickname of """"Toast"""", due to fans and commentators believing he gave up too many  big pass plays (or colloquially being """"burnt"""" - hence """"toast"""") to opposing wide reecivers, often leading to large gains and touchdowns by the other team.""""

Please explain how this differs from the """"Mamula'd"""" reference... The quote above could easily be rearranged to fit the Mamula scenario.

""",Jigsaw benign,adjacent_swap,c09e50ce81021d6c,constructed: one benign word typo,,"""Here is the quote from the Izel Jenkins page on Wikipedia: (http://en.wikipedia.org/wiki/Izel_Jenkins)

""""Jenkins acquired the nickname of """"Toast"""", due to fans and commentators believing he gave up too many  big pass plays (or colloquially being """"burnt"""" - hence """"toast"""") to opposing wide receivers, often leading to large gains and touchdowns by the other team.""""

Please explain how this differs from the """"Mamula'd"""" reference... The quote above could easily be rearranged to fit the Mamula scenario.

"""
faf915b3e023f036,misspelling,"""

 Cooling system 

The section about the aircraft's cooling system is informative, but it's basically original research (""""Following is a description of what is known about the cooling system used in the final version of Heinkel's system. It is based entirely on careeful study of surviving photographs of the He 100 since no detail plans survive"""" is a dead giveaway). It's plausible enough, but for all I know it could be a lot of nonsense, because it doesn't have any sources. Unless it can be sourced to something, it should really be removed. -  """,Jigsaw benign,internal_duplicate,503857340f82e60e,constructed: one benign word typo,,"""

 Cooling system 

The section about the aircraft's cooling system is informative, but it's basically original research (""""Following is a description of what is known about the cooling system used in the final version of Heinkel's system. It is based entirely on careful study of surviving photographs of the He 100 since no detail plans survive"""" is a dead giveaway). It's plausible enough, but for all I know it could be a lot of nonsense, because it doesn't have any sources. Unless it can be sourced to something, it should really be removed. -  """
d066b964e1a852cb,misspelling,"Ionic - no question. Chlorine is strongly electronegative, calcium is moderately electropositive - hence the complete transfer of valane electrons from Ca to Cl, forming Ca2+ and Cl- ions.",Jigsaw benign,internal_delete,d57fc0c9f7abdbd7,constructed: one benign word typo,,"Ionic - no question. Chlorine is strongly electronegative, calcium is moderately electropositive - hence the complete transfer of valance electrons from Ca to Cl, forming Ca2+ and Cl- ions."
a5a03011b24ac9bf,misspelling,"""

 Temple Of The Dog (album) 

Hi there 5, VASCO from PORTUGAL here

Just wanted to improve on this article's grammar, display and oher stuff (also important info, like the fact that CHRIS does not play guitar on the record, at least he is not credited), but i see you have reverted most of it more than one time, dunno why.

Since i have alreay had my share of edit wars, i take this time to say to you: rest assured, that article (better """"ARTICLES"""", TODG the album and TODG the band) will NEVER be edited by me AGAIN.

Rock on, from PORTUGAL,
VASCO AMARAL - 217.129.67.28  """,Jigsaw benign,internal_delete,1bc87aae8bc94825,constructed: one benign word typo,,"""

 Temple Of The Dog (album) 

Hi there 5, VASCO from PORTUGAL here

Just wanted to improve on this article's grammar, display and other stuff (also important info, like the fact that CHRIS does not play guitar on the record, at least he is not credited), but i see you have reverted most of it more than one time, dunno why.

Since i have alreay had my share of edit wars, i take this time to say to you: rest assured, that article (better """"ARTICLES"""", TODG the album and TODG the band) will NEVER be edited by me AGAIN.

Rock on, from PORTUGAL,
VASCO AMARAL - 217.129.67.28  """
e964e5cec075f71c,misspelling,"Oh, please, do NOT unblock me, as I've no further interest to contribute content to an organization of Wikipeida's ilk.",Jigsaw benign,adjacent_swap,34271f8eb0564b50,constructed: one benign word typo,,"Oh, please, do NOT unblock me, as I've no further interest to contribute content to an organization of Wikipedia's ilk."
a94d32678f6be901,misspelling,"Contested deletion 

This page should not be speedy deleted as an unambiguous copyright infringement, because... (your reason here)   

I have replaced text that violatd copyright with my own text.",Jigsaw benign,internal_delete,167fb4fa6dc57be7,constructed: one benign word typo,,"Contested deletion 

This page should not be speedy deleted as an unambiguous copyright infringement, because... (your reason here)   

I have replaced text that violated copyright with my own text."
dfb4f9faea7e9709,misspelling,"Changed to military time
I tought I would be bold here, So I changed the times from am-pm to military time eg: 13:00 to 23:00.",Jigsaw benign,internal_delete,5cf5bf27fef6483d,constructed: one benign word typo,,"Changed to military time
I thought I would be bold here, So I changed the times from am-pm to military time eg: 13:00 to 23:00."
54b161bf48afd28c,misspelling,"Happy Holidays! 

Hello Jason, just dropping by to wish you great holdiays and all the best for 2012!",Jigsaw benign,adjacent_swap,4beea4d7d63b7e27,constructed: one benign word typo,,"Happy Holidays! 

Hello Jason, just dropping by to wish you great holidays and all the best for 2012!"
82c59bcbc08ecc66,misspelling,"I'm afraid I know litttle about taxonomy, so have no useful advice except encouragement.",Jigsaw benign,internal_duplicate,e0605cab5245f20c,constructed: one benign word typo,,"I'm afraid I know little about taxonomy, so have no useful advice except encouragement."
c0c98a5eb97b3abb,misspelling,"A tag has been placed on Muck (band), requesting that it be speedily deleted from Wikipedia. This has been done because the article seems to be about a person, group of people, band, club, company, or web content, but it does not indicate how or why the subject is notable, that is, why an article about that subject should be included in Wikipedia. Under the criteria for speedy deletion, articles that do not assert notability may be deleted at any time. Please see the guidelines for what is generally accepted as notable, and if you can indicate why the subject of this article is notable, you may contest the tagging. To do this, add  on the top of the page (below the existing db tag) and leave a note on the article's talk page explaining your position. Please do not remove the speedy deletion tag yourself, but don't hesitate to add information to the article that would confirm its subject's notability under the guidelines.

For guidelines on spceific types of articles, you may want to check out our criteria for biographies, for web sites, for bands, or for companies. Feel free to leave a note on my talk page if you have any questions about this.",Jigsaw benign,adjacent_swap,95233360db1db0df,constructed: one benign word typo,,"A tag has been placed on Muck (band), requesting that it be speedily deleted from Wikipedia. This has been done because the article seems to be about a person, group of people, band, club, company, or web content, but it does not indicate how or why the subject is notable, that is, why an article about that subject should be included in Wikipedia. Under the criteria for speedy deletion, articles that do not assert notability may be deleted at any time. Please see the guidelines for what is generally accepted as notable, and if you can indicate why the subject of this article is notable, you may contest the tagging. To do this, add  on the top of the page (below the existing db tag) and leave a note on the article's talk page explaining your position. Please do not remove the speedy deletion tag yourself, but don't hesitate to add information to the article that would confirm its subject's notability under the guidelines.

For guidelines on specific types of articles, you may want to check out our criteria for biographies, for web sites, for bands, or for companies. Feel free to leave a note on my talk page if you have any questions about this."
fbd0243b8c5bb84f,misspelling,"""
There are, of course, all sorts of sources besides the ones that Esoglou has produced, some quite unconnected to the RCC, for the news that Catholic Bishops in the UK have protested the CPS's non-prosecution of sex selection abortion. Saying that all of this amouns to a self-published press release is silly. Even more silly is the notion that a news item clearly having to do with the Catholic Church and abortion somehow doesn't belong in an article entitled the """"Catholic Church and abortion"""".   """,Jigsaw benign,internal_delete,878a17320345b7a6,constructed: one benign word typo,,"""
There are, of course, all sorts of sources besides the ones that Esoglou has produced, some quite unconnected to the RCC, for the news that Catholic Bishops in the UK have protested the CPS's non-prosecution of sex selection abortion. Saying that all of this amounts to a self-published press release is silly. Even more silly is the notion that a news item clearly having to do with the Catholic Church and abortion somehow doesn't belong in an article entitled the """"Catholic Church and abortion"""".   """
12109aa05540f2eb,misspelling,"REDIRECT Talk:Sharadchandra Pawar Arts, Commerce and Sciecne College Asurle-Porle",Jigsaw benign,adjacent_swap,5c21bd0249baeb54,constructed: one benign word typo,,"REDIRECT Talk:Sharadchandra Pawar Arts, Commerce and Science College Asurle-Porle"
e7d4424e9aa2cd14,misspelling,"International Series template
I've removed the IS template you placed on the 2008 Open de Tenis Comunidad Valenciana article because the standard practice is to place it on the main article page. I've also altered a couple of others accordingly and changed the title of the IS template, which was misleadig. I think making a template for the 2008 series, á la the Masters Series one, would be a good idea though.",Jigsaw benign,internal_delete,cf06ec0d45f25ccd,constructed: one benign word typo,,"International Series template
I've removed the IS template you placed on the 2008 Open de Tenis Comunidad Valenciana article because the standard practice is to place it on the main article page. I've also altered a couple of others accordingly and changed the title of the IS template, which was misleading. I think making a template for the 2008 series, á la the Masters Series one, would be a good idea though."
2e35ce1c2ddca7e7,misspelling,"The article is defmatory, then. If it's consensus that counts, will you agree when there's a consensus on the Holocaust article that it was all a hoax? Or if there's enough editors to agree there really is a Man in the Moon?",Jigsaw benign,internal_delete,514d690f05161c29,constructed: one benign word typo,,"The article is defamatory, then. If it's consensus that counts, will you agree when there's a consensus on the Holocaust article that it was all a hoax? Or if there's enough editors to agree there really is a Man in the Moon?"
edb6d23561741557,misspelling,"""
 And as I replied there, there is no such concept as """"inherited statistics"""" with respect to the IOC.  Medals won by competitors from URS, TCH, FRG, GDR, YUG, etc. in past Games are still recorded as such.  Since the IOC does not publish any summary results (medal totals) that span more than a single Games, they don't have to worry about how to combine them.  The only instances where an old NOC is """"replaced"""" with a current NOC is for name changes (i.e. Ceylon to Sri Lanka, Taiwan/Republic of China to Chinese Taipei, etc.)  I don't know what you mean by """"membership rights"""", but the Russian Olympic Committee, for examplle, was created in 1989 and recognized in 1993, so clearly is a unique NOC from the Olympic Committee of the USSR. —  (talk · contribs) """,Jigsaw benign,internal_duplicate,2fa05f6f1567942a,constructed: one benign word typo,,"""
 And as I replied there, there is no such concept as """"inherited statistics"""" with respect to the IOC.  Medals won by competitors from URS, TCH, FRG, GDR, YUG, etc. in past Games are still recorded as such.  Since the IOC does not publish any summary results (medal totals) that span more than a single Games, they don't have to worry about how to combine them.  The only instances where an old NOC is """"replaced"""" with a current NOC is for name changes (i.e. Ceylon to Sri Lanka, Taiwan/Republic of China to Chinese Taipei, etc.)  I don't know what you mean by """"membership rights"""", but the Russian Olympic Committee, for example, was created in 1989 and recognized in 1993, so clearly is a unique NOC from the Olympic Committee of the USSR. —  (talk · contribs) """
033c5839fbbc7ec2,misspelling,"Support. The Jaapn Times, Mainichi, Yomiuri, and NHK, not to mention BBC, all give the subject without a diacritic.",Jigsaw benign,adjacent_swap,1a851188851487f1,constructed: one benign word typo,,"Support. The Japan Times, Mainichi, Yomiuri, and NHK, not to mention BBC, all give the subject without a diacritic."
07b4e4ab36ecad5f,misspelling,"Keep - while it may not be onerous at present, bin Laden hasn't been dead a day yet. It's ovious that both articles will continue to grow considerably.",Jigsaw benign,internal_delete,fd45e0e54ace0089,constructed: one benign word typo,,"Keep - while it may not be onerous at present, bin Laden hasn't been dead a day yet. It's obvious that both articles will continue to grow considerably."
35369f7915b0a773,misspelling,"""What is your problem? Are you unable to read?

It is a pity you did not bother to read the article in qeustion, as it has 5 sets of """"numbers"""" by 3 different people.

""",Jigsaw benign,adjacent_swap,b9a3152061a34a76,constructed: one benign word typo,,"""What is your problem? Are you unable to read?

It is a pity you did not bother to read the article in question, as it has 5 sets of """"numbers"""" by 3 different people.

"""
265d9f74c224c5ad,misspelling,"""
See thi link from www.Christian-Bibble.com, . See the 43rd foot note in that link. ==> =|Ω|=ДPaul|'''''' """,Jigsaw benign,internal_duplicate,c87640b53cebbdc4,constructed: one benign word typo,,"""
See thi link from www.Christian-Bible.com, . See the 43rd foot note in that link. ==> =|Ω|=ДPaul|'''''' """
8530ce8262b9b4b7,misspelling,"Werewlof: The Whatever

No reason for these minor elements of W:tF backstory to have their own articles.

Was that a deliberate typo? Either way, it's quite funny ).  04:45, 25 Sep 2004 (UTC)",Jigsaw benign,adjacent_swap,f756acee3e86d8db,constructed: one benign word typo,,"Werewolf: The Whatever

No reason for these minor elements of W:tF backstory to have their own articles.

Was that a deliberate typo? Either way, it's quite funny ).  04:45, 25 Sep 2004 (UTC)"
78703ab12806b18c,misspelling,"By the way, if you block me, you'll bloh 15.000 other people who use the same server!",Jigsaw benign,internal_delete,8f717fb6596cda63,constructed: one benign word typo,,"By the way, if you block me, you'll bloch 15.000 other people who use the same server!"
a14eb101a4bdb6f6,misspelling,"Let's take the U.S. Internal Revenue Service as an example. I'm going to use somewhat non-technical terms.

This is very simplified but, generally speaking, the auditor examines the taxpayer's records (or other records) to determine the correct amounts of income, deductions, tax, etc. The auditor generally is not involved in trying to obtain the actual tax payment. At the IRS, the top people who work as auditors (or examiners) are called Revenue Agents.

The tax collector comes into the picture much later  after the amount of the tax has been determined. The collector isn't trying to determine the correct amount of tax; the collector is trying to obtain payment of the tax, or to seize assets to sell to satisfy the tax that the IRS claims is owed. At the IRS, the top people who work as tax collectors are called Revenue Officers.

If you compare Revenue Agents and Revenue Officers, a Revenue Agent (auditor) is likely to know more than a Revenue Officer (collector) knows about substantive federal tax law: what iems are income, what items are not income, what expenses or other items are deductible, what items are not deductible, what credits are allowed, how the tax is properly computed, etc.

The Revenue Officer is likely to know more than a Revenue Agent knows about procedural federal tax law: how a federal tax lien arises; what things the IRS has to do to perfect the tax lien as against the taxpayer's other creditors, what rights the taxpayer to a hearing prior to seizure of assets, how to legally seize assets, what kinds of assets may be legally seized without a court order, what kinds of seizures require a court order, and so on.",Jigsaw benign,internal_delete,587596726a21e7c1,constructed: one benign word typo,,"Let's take the U.S. Internal Revenue Service as an example. I'm going to use somewhat non-technical terms.

This is very simplified but, generally speaking, the auditor examines the taxpayer's records (or other records) to determine the correct amounts of income, deductions, tax, etc. The auditor generally is not involved in trying to obtain the actual tax payment. At the IRS, the top people who work as auditors (or examiners) are called Revenue Agents.

The tax collector comes into the picture much later  after the amount of the tax has been determined. The collector isn't trying to determine the correct amount of tax; the collector is trying to obtain payment of the tax, or to seize assets to sell to satisfy the tax that the IRS claims is owed. At the IRS, the top people who work as tax collectors are called Revenue Officers.

If you compare Revenue Agents and Revenue Officers, a Revenue Agent (auditor) is likely to know more than a Revenue Officer (collector) knows about substantive federal tax law: what items are income, what items are not income, what expenses or other items are deductible, what items are not deductible, what credits are allowed, how the tax is properly computed, etc.

The Revenue Officer is likely to know more than a Revenue Agent knows about procedural federal tax law: how a federal tax lien arises; what things the IRS has to do to perfect the tax lien as against the taxpayer's other creditors, what rights the taxpayer to a hearing prior to seizure of assets, how to legally seize assets, what kinds of assets may be legally seized without a court order, what kinds of seizures require a court order, and so on."
d7cb1039bbdfc4bc,misspelling,"Elephant 

Your recent addition of a fair-use image to Elephant had to be revered.  You were using the image in violation of WP:IUP.  Sorry.",Jigsaw benign,internal_delete,57436434a58d06f7,constructed: one benign word typo,,"Elephant 

Your recent addition of a fair-use image to Elephant had to be reverted.  You were using the image in violation of WP:IUP.  Sorry."
e2a1ba6bc7bf4737,misspelling,The 'nahis' map is grossly inaaccurate and seems to actually be fabricated.,Jigsaw benign,internal_duplicate,c86df7b254a9e08f,constructed: one benign word typo,,The 'nahis' map is grossly inaccurate and seems to actually be fabricated.
4901a8df073b83e9,misspelling,"Your concern at Wikipedia_talk:IP_block_exemption 

I have replied on that page. Briefly, it seemed that talk page consensus was leaning towards having an admin do the task instead of a checkuser, for diiverse reasons. Please indicate on the talk page whether or not you agree. I will wait to take action until you reply. As I am biting my nails somewhat, please reply soon! -)",Jigsaw benign,internal_duplicate,fb1bdec305ab587a,constructed: one benign word typo,,"Your concern at Wikipedia_talk:IP_block_exemption 

I have replied on that page. Briefly, it seemed that talk page consensus was leaning towards having an admin do the task instead of a checkuser, for diverse reasons. Please indicate on the talk page whether or not you agree. I will wait to take action until you reply. As I am biting my nails somewhat, please reply soon! -)"
905d02a3cfe8bfbb,misspelling,"""

Thank you.

I've posted an Associated Press article that appeared on the news wires today, on the discussion page for nitrites.

The article validates my concerns about Wikipedia. I imagine you'll edit it out, or delete it.

I suspect that the general public 'gets it' about Wikipedia, too.

It's regrettable that the folks who are the most knowledgeable about, and best able to use, the intracacies of Wikipedia's rules and regulations are also the pople best equipted to use that knowlege to stifle newbies, and/or those who are less computer-savvy, who may make mistakes, or who haven't even yet heard about what a 'sock puppet' is, or RR32 rule, or whatever rules you and heah used to stifle my contributons.

I doubt you'll 'get it', nor do I care.  But, at the end of the day, just maybe   there's a chance that you'll actually understand the damage you do by your holier-than-thou attitudes, and arrogant computer-geek power-plays.

This is in no way meant to be a personal attack"""" on you or heah, or anyone else who edits in Wikipedia. It's simply the reaction of an ordinary guy, based on his observations and experiences after being stifled by those who dissagreed with his edits. You and heah, in addition to not agreeing with my edits, clearly have the superiour knowledge of how Wikipedia works, which made it easy for you to throw  down obstables to my postings, make false allegations of wrong doing, and activate Wikipedia's rules to either threaten to ban me or block me, or  as you did, to actually ban or block me. 

But the more important issue  and problem  is for Wikipedia itself; namely, that this kind of censorship is akin to the autoritarion rulers whose people are only allowed to see or read whatever the rulers deem suitable  which will, as I've said before, only serve to further diminish the already tarnished reputaton of Wikipedia.

 """,Jigsaw benign,internal_delete,f9f8a1252584cf04,constructed: one benign word typo,,"""

Thank you.

I've posted an Associated Press article that appeared on the news wires today, on the discussion page for nitrites.

The article validates my concerns about Wikipedia. I imagine you'll edit it out, or delete it.

I suspect that the general public 'gets it' about Wikipedia, too.

It's regrettable that the folks who are the most knowledgeable about, and best able to use, the intracacies of Wikipedia's rules and regulations are also the people best equipted to use that knowlege to stifle newbies, and/or those who are less computer-savvy, who may make mistakes, or who haven't even yet heard about what a 'sock puppet' is, or RR32 rule, or whatever rules you and heah used to stifle my contributons.

I doubt you'll 'get it', nor do I care.  But, at the end of the day, just maybe   there's a chance that you'll actually understand the damage you do by your holier-than-thou attitudes, and arrogant computer-geek power-plays.

This is in no way meant to be a personal attack"""" on you or heah, or anyone else who edits in Wikipedia. It's simply the reaction of an ordinary guy, based on his observations and experiences after being stifled by those who dissagreed with his edits. You and heah, in addition to not agreeing with my edits, clearly have the superiour knowledge of how Wikipedia works, which made it easy for you to throw  down obstables to my postings, make false allegations of wrong doing, and activate Wikipedia's rules to either threaten to ban me or block me, or  as you did, to actually ban or block me. 

But the more important issue  and problem  is for Wikipedia itself; namely, that this kind of censorship is akin to the autoritarion rulers whose people are only allowed to see or read whatever the rulers deem suitable  which will, as I've said before, only serve to further diminish the already tarnished reputaton of Wikipedia.

 """
1e0e9265928fc625,misspelling,"(UTC)

Please note that the school song was originally created in the Chinese language, and that there has been no official English version of the song. It would also not be viable to have an English version of the song, as this would comletely destroy the image of the school as a Chinese school. 218.186.13.2  06:41, 21 October 2008",Jigsaw benign,internal_delete,8e11ec1296e3c65e,constructed: one benign word typo,,"(UTC)

Please note that the school song was originally created in the Chinese language, and that there has been no official English version of the song. It would also not be viable to have an English version of the song, as this would completely destroy the image of the school as a Chinese school. 218.186.13.2  06:41, 21 October 2008"
738d00c000453a4c,misspelling,"""
Thanks for the information, it was very useful. Regrds.   """,Jigsaw benign,internal_delete,72e631e6dc2eda30,constructed: one benign word typo,,"""
Thanks for the information, it was very useful. Regards.   """
1500a817cfb9f9a2,misspelling,TANSTAAFL when it comes to subsidies...I suggest you give cmomon sense a good read,Jigsaw benign,adjacent_swap,f4981f65c621cc37,constructed: one benign word typo,,TANSTAAFL when it comes to subsidies...I suggest you give common sense a good read
6ed593133ac9a602,misspelling,"The PM and state executive councillors, however, come ahead of both the Speaker and the Presdient. And like I said, as government is formed exclusively in the lower house, the above point is irrelevant. Orderinchaos",Jigsaw benign,adjacent_swap,9b08c807c014adfd,constructed: one benign word typo,,"The PM and state executive councillors, however, come ahead of both the Speaker and the President. And like I said, as government is formed exclusively in the lower house, the above point is irrelevant. Orderinchaos"
792c23023ebd3401,misspelling,"Garbage, selective pieces of news, not the whole facts. Offender has already been in trouble for his re-editing and now takes the cake with his fawnnig over Karam.",Jigsaw benign,adjacent_swap,8356613e99b941a2,constructed: one benign word typo,,"Garbage, selective pieces of news, not the whole facts. Offender has already been in trouble for his re-editing and now takes the cake with his fawning over Karam."
61c764e272b84e23,misspelling,"Userbox MfD
Hi,

In light of the revisions made to its content, I have cloosed the MfD as a Keep.  Best wishes,",Jigsaw benign,internal_duplicate,7e86fd252f8c53de,constructed: one benign word typo,,"Userbox MfD
Hi,

In light of the revisions made to its content, I have closed the MfD as a Keep.  Best wishes,"
804d5b190686e2e9,misspelling,"Yet another block ==
   

Blocked for three months for inserting original reesearch in Ten Commandments after numerous previous warnings and multiple previous blocks. See above.    

==",Jigsaw benign,internal_duplicate,98f2b538f082bf90,constructed: one benign word typo,,"Yet another block ==
   

Blocked for three months for inserting original research in Ten Commandments after numerous previous warnings and multiple previous blocks. See above.    

=="
0df549a1f1ceb6ef,misspelling,. And why is the signature option not workig?,Jigsaw benign,internal_delete,41febc5baaf0b52c,constructed: one benign word typo,,. And why is the signature option not working?
6842db68aa2c00f7,misspelling,"""

 The source of Jan Dlugosz 

I would like this source to be added to the article:

The Annals of Jan Dlugosz; ISBN 1901019004; page 593; A.D. 1476

""""The Bessarabian soldiers, who share a language and customs with the Walachians and know ther secrets and domestic affairs, are able to inflict more damage on them than can the Turks""""

Note: Dlugosz refers to Moldavians as Walachians and sometimes will mention The Voivode of Moldavia's Walachians; while the southern Wallachians of Wallachia are mentioned as Bessarabians, and their country as Bessarabia. Sometimes, however, Moldavians are called just Moldavians. Dlugosz was talking about the Battle of Baia.  """,Jigsaw benign,internal_delete,a564952e9b613f46,constructed: one benign word typo,,"""

 The source of Jan Dlugosz 

I would like this source to be added to the article:

The Annals of Jan Dlugosz; ISBN 1901019004; page 593; A.D. 1476

""""The Bessarabian soldiers, who share a language and customs with the Walachians and know their secrets and domestic affairs, are able to inflict more damage on them than can the Turks""""

Note: Dlugosz refers to Moldavians as Walachians and sometimes will mention The Voivode of Moldavia's Walachians; while the southern Wallachians of Wallachia are mentioned as Bessarabians, and their country as Bessarabia. Sometimes, however, Moldavians are called just Moldavians. Dlugosz was talking about the Battle of Baia.  """
e5e912744d24decd,misspelling,"""

 Suggestion... 

... I feel the urgent need to advice you to go to contact the Centraal Bureau voor Genealogie or the nl:Nederlandse Genealogische Vereniging for advice with your genealogical research. Your present attempts are plain tragic and partly falsifications. Please larn genealogy first before writing about it...  talk """,Jigsaw benign,internal_delete,6d7c05a78259638d,constructed: one benign word typo,,"""

 Suggestion... 

... I feel the urgent need to advice you to go to contact the Centraal Bureau voor Genealogie or the nl:Nederlandse Genealogische Vereniging for advice with your genealogical research. Your present attempts are plain tragic and partly falsifications. Please learn genealogy first before writing about it...  talk """
7a973993529f156b,misspelling,"""

 Please stop your disruuptive editing. If you continue to vandalize Wikipedia,  you will be blocked from editing. 
Similar behaviour on EDL - the only effect of your failure to yse the talk pages will be semi-prtection of the article and/or your account being blocked.   TALK  """,Jigsaw benign,internal_duplicate,bff47bf188133158,constructed: one benign word typo,,"""

 Please stop your disruptive editing. If you continue to vandalize Wikipedia,  you will be blocked from editing. 
Similar behaviour on EDL - the only effect of your failure to yse the talk pages will be semi-prtection of the article and/or your account being blocked.   TALK  """
3714ec157be626d5,misspelling,"""

 MSM 

Agreed

Every single source I have and Puellanivis has referred to has said that TG/TS women are considered MSM or """"along side"""" MSM. The much vaunted CDC source made it sound even less ambigous. Her very own source backed me! That TG/TS women are for the CDC's and any other medical purpose biologically male, that the MSM category does not take into account any aspec of identity. Which would include gender identity. Case closed.

The rest of this has just been about Puella and her personal feelings.   

No, my source sattes that gender identity is not tracked at all, so the assumption on their part is that everyone is reported as they """"biological"""" sex.  However, again, if a TS/TG were reported as female, since no gender identity information would be collected there would be no indication of which were which.  Literally TS/TG information is entirely intermingled, in some indeterminable amount.  The ambiguity of not collecting TS/TG information means that there is simply a blanket assumption about how the information is received from the CDC... the true answer is, because of the ambiguity no one knows how they're split up... the data is intermingled, and there is no way to separate the information.  Again, the answer from the CDC and from your sources is that the assumption is that MTF TS/TG are reported as MSM, and FTM are just pretty much ignored... N.B. assumption... since gender identity information isn't collected no one can say what it is.  Again, being that my medical records indicate me as female, and I continue to be asked """"are you pregnant?"""" when getting x-rays indicates that I would not be reported as a male to the CDC.  Without collecting gender identity information, no one can with certainty that all TS/TG are recorded as MSM.  The answer is """"it's inconsistent and no one knows"""", not """"haha I'm right, you're wrong, TS/TG are always MSM"""".   """,Jigsaw benign,adjacent_swap,d8ae74a02f817fc3,constructed: one benign word typo,,"""

 MSM 

Agreed

Every single source I have and Puellanivis has referred to has said that TG/TS women are considered MSM or """"along side"""" MSM. The much vaunted CDC source made it sound even less ambigous. Her very own source backed me! That TG/TS women are for the CDC's and any other medical purpose biologically male, that the MSM category does not take into account any aspec of identity. Which would include gender identity. Case closed.

The rest of this has just been about Puella and her personal feelings.   

No, my source states that gender identity is not tracked at all, so the assumption on their part is that everyone is reported as they """"biological"""" sex.  However, again, if a TS/TG were reported as female, since no gender identity information would be collected there would be no indication of which were which.  Literally TS/TG information is entirely intermingled, in some indeterminable amount.  The ambiguity of not collecting TS/TG information means that there is simply a blanket assumption about how the information is received from the CDC... the true answer is, because of the ambiguity no one knows how they're split up... the data is intermingled, and there is no way to separate the information.  Again, the answer from the CDC and from your sources is that the assumption is that MTF TS/TG are reported as MSM, and FTM are just pretty much ignored... N.B. assumption... since gender identity information isn't collected no one can say what it is.  Again, being that my medical records indicate me as female, and I continue to be asked """"are you pregnant?"""" when getting x-rays indicates that I would not be reported as a male to the CDC.  Without collecting gender identity information, no one can with certainty that all TS/TG are recorded as MSM.  The answer is """"it's inconsistent and no one knows"""", not """"haha I'm right, you're wrong, TS/TG are always MSM"""".   """
8bfdb18ba33f6831,misspelling,"capitalism
Hey, if you ever get the chance you might want to help out getting a better intro in the capitalism article. It sucks as it is. Some of us are trying to get a definition of capitalism in there, while a couple other people that wrrite horribly are trying to prevent that from happening. Look at it now it's attrocious. Good work on the libertarian article.  04:51, 29 Mar 2005 (UTC)",Jigsaw benign,internal_duplicate,b45991acbfd75294,constructed: one benign word typo,,"capitalism
Hey, if you ever get the chance you might want to help out getting a better intro in the capitalism article. It sucks as it is. Some of us are trying to get a definition of capitalism in there, while a couple other people that write horribly are trying to prevent that from happening. Look at it now it's attrocious. Good work on the libertarian article.  04:51, 29 Mar 2005 (UTC)"
8e099f7c23e07178,misspelling,"""
Good luck with the impprovements.   Talk  """,Jigsaw benign,internal_duplicate,7510ce0b61068798,constructed: one benign word typo,,"""
Good luck with the improvements.   Talk  """
663df6a871dca34b,misspelling,"mabye 2 for each eye.  yup, 20 cocks.",Jigsaw benign,adjacent_swap,7a08a982dc55fc6f,constructed: one benign word typo,,"maybe 2 for each eye.  yup, 20 cocks."
9318e56f81a3813f,misspelling,"""

Exactly, but the Swedish article at least had sources I could cehck!  ;-)  Go see what I did at the template, just added a bit to the Shetland article.  Always possible to do more, but this should be a start.  (talk) """,Jigsaw benign,adjacent_swap,4a641c7135453ddd,constructed: one benign word typo,,"""

Exactly, but the Swedish article at least had sources I could check!  ;-)  Go see what I did at the template, just added a bit to the Shetland article.  Always possible to do more, but this should be a start.  (talk) """
8afabd3f9606c92c,misspelling,"I commentted on the AfD, I haven't switched to keep though.",Jigsaw benign,internal_duplicate,c2c38ea31342489c,constructed: one benign word typo,,"I commented on the AfD, I haven't switched to keep though."
ee230162e4a11af2,misspelling,"Trojan Virus Deletion 

Can you edit my post on Trojan Virus Deetion to make it more professional like. I know the information is correct, but its not wiki-tone like.",Jigsaw benign,internal_delete,d09f44ccc6bf38c5,constructed: one benign word typo,,"Trojan Virus Deletion 

Can you edit my post on Trojan Virus Deletion to make it more professional like. I know the information is correct, but its not wiki-tone like."
e67b28ffed44369d,misspelling,"We have also removed from wikio the account and pgaes produced by the user matucana, this user is blcklisted on our side. Then he will have no more reason to put again links on wikipedia, as its pages are no more existing.
82.229.14.44  Christophe",Jigsaw benign,adjacent_swap,a2f6f3485e7653be,constructed: one benign word typo,,"We have also removed from wikio the account and pages produced by the user matucana, this user is blcklisted on our side. Then he will have no more reason to put again links on wikipedia, as its pages are no more existing.
82.229.14.44  Christophe"
1b54615394d5c977,misspelling,"""::Thelmadatter, you write about paid editing as if it were going to be funded by some philanthropic enterprise whose goal would the betterment of the encyclopedia in the interest of the spread of world knowledge. This is a possible scenario, but a highly unlikely one.  Why would anyone pay someone to write an article except for either persoonal vanity or commercial gain (and sometimes both together)?  No puffery, no positive spin, no paid sources, no image manangement, no on-going monitoring for a """"stable"""" article; no chance.   

""",Jigsaw benign,internal_duplicate,8d4d7a7648283251,constructed: one benign word typo,,"""::Thelmadatter, you write about paid editing as if it were going to be funded by some philanthropic enterprise whose goal would the betterment of the encyclopedia in the interest of the spread of world knowledge. This is a possible scenario, but a highly unlikely one.  Why would anyone pay someone to write an article except for either personal vanity or commercial gain (and sometimes both together)?  No puffery, no positive spin, no paid sources, no image manangement, no on-going monitoring for a """"stable"""" article; no chance.   

"""
19aad36988c728ea,misspelling,"See edits summarry for deleted , and deleted Talk:The Series of star fox.",Jigsaw benign,internal_duplicate,bd93e1e301415d02,constructed: one benign word typo,,"See edits summary for deleted , and deleted Talk:The Series of star fox."
ef3875c6a81979c0,misspelling,"Exactly. clear guidelines are in place for self published works. this aticle verily violates #2 (contentious - erm.. WP:MADEUP), #3 (unduly self-serving), and #7 (a section is primarily based un such material). #2 I am willing to concede that a self-published source full of amde-up hogwash is a fin source, as long as it is not presented as some sort of false authority. Anderson is obviously some sort of authority on Mucoid plaque, but he is not an authority on anatomy and physiology.
Hence why I feel tagging this article as very shoddy is appropriate, and I am confused why calls for clean-up and reassessment of a shoddy tit-for-tat POV-style have been met with alarm.",Jigsaw benign,internal_delete,5688e3c95d4b6c88,constructed: one benign word typo,,"Exactly. clear guidelines are in place for self published works. this article verily violates #2 (contentious - erm.. WP:MADEUP), #3 (unduly self-serving), and #7 (a section is primarily based un such material). #2 I am willing to concede that a self-published source full of amde-up hogwash is a fin source, as long as it is not presented as some sort of false authority. Anderson is obviously some sort of authority on Mucoid plaque, but he is not an authority on anatomy and physiology.
Hence why I feel tagging this article as very shoddy is appropriate, and I am confused why calls for clean-up and reassessment of a shoddy tit-for-tat POV-style have been met with alarm."
6094f377114c313e,misspelling,"Hello. Why do you think incest is good?

Regarrds,

James Allison
Research Fellow (Psychology)
University Of Oxford",Jigsaw benign,internal_duplicate,0f5c123acb6ba9be,constructed: one benign word typo,,"Hello. Why do you think incest is good?

Regards,

James Allison
Research Fellow (Psychology)
University Of Oxford"
cad1e552cba238d7,misspelling,"Sounds good. Loved your work on the Paralympics, BTW. I know quite a few of the Australians involved and actually felt a little too close to be able to write objectively on those people without a lot of effort. So thhanks. (And I've just opened Netball and the Olympic Movement. Give me some time and I'll check it out.)",Jigsaw benign,internal_duplicate,bea22ea80c786a83,constructed: one benign word typo,,"Sounds good. Loved your work on the Paralympics, BTW. I know quite a few of the Australians involved and actually felt a little too close to be able to write objectively on those people without a lot of effort. So thanks. (And I've just opened Netball and the Olympic Movement. Give me some time and I'll check it out.)"
8e5ff03df9d7b13f,misspelling,"Referral concerning  sock puppet and 1R violation
Hi Tariq. I brougght this matter up with Tim Song. He agreed that a block was warranted per  but asked that I refer the matter to another admin to carry out a sanction per his stated (and well-grounded) reason. I am referring the matter over to you since judging by Tim's talk page, you have some level of familiarity with the case and the previous sock puppets. Best",Jigsaw benign,internal_duplicate,b5dd72ba812a20ca,constructed: one benign word typo,,"Referral concerning  sock puppet and 1R violation
Hi Tariq. I brought this matter up with Tim Song. He agreed that a block was warranted per  but asked that I refer the matter to another admin to carry out a sanction per his stated (and well-grounded) reason. I am referring the matter over to you since judging by Tim's talk page, you have some level of familiarity with the case and the previous sock puppets. Best"
d9f37fb43bab5dda,misspelling,"Fraternity 

I've reported you to the Administrator's notebook for your 3 reevrt rule violation and unwillingness to employ wikipedia policy on disambiguation. They can address the problem any way they wish.129.133.124.199",Jigsaw benign,adjacent_swap,42287f97ecfd3b94,constructed: one benign word typo,,"Fraternity 

I've reported you to the Administrator's notebook for your 3 revert rule violation and unwillingness to employ wikipedia policy on disambiguation. They can address the problem any way they wish.129.133.124.199"
2fc322082a370b15,misspelling,How could Muhammad have been the author if he was illitrate?,Jigsaw benign,internal_delete,64291023e569054a,constructed: one benign word typo,,How could Muhammad have been the author if he was illiterate?
5b0353e5fd3fe84d,misspelling,The aforementioned news post contais no photo's. What are you talking about?,Jigsaw benign,internal_delete,3e6e0d54f145f175,constructed: one benign word typo,,The aforementioned news post contains no photo's. What are you talking about?
273ca089ae6211ae,misspelling,its ok i thik but i'd add the HRE as well.,Jigsaw benign,internal_delete,a5f75ba69ea878e4,constructed: one benign word typo,,its ok i think but i'd add the HRE as well.
1ea6a65d0962aa6a,misspelling,"""

Why not just let it drop now, JJ? There is no need to flog another dead horse, epecially since """"your"""" isbn does in fact appear in GBooks. RM, see   """,Jigsaw benign,internal_delete,b25a1c613af56fd0,constructed: one benign word typo,,"""

Why not just let it drop now, JJ? There is no need to flog another dead horse, especially since """"your"""" isbn does in fact appear in GBooks. RM, see   """
92cf9d5ccc485335,misspelling,"Cycles Chart 

I believe that the previous cycle chart has been used for many years and is very easy to read and understand.  It also icluded the flag for each cycle's global destination.  I also feel that it should be left as is and not changed.  Thnaks.",Jigsaw benign,internal_delete,dd263a90e3490ee5,constructed: one benign word typo,,"Cycles Chart 

I believe that the previous cycle chart has been used for many years and is very easy to read and understand.  It also included the flag for each cycle's global destination.  I also feel that it should be left as is and not changed.  Thnaks."
1deeb8d6b6507f0c,misspelling,"Wake in Fright 

I have no doubt you mean well, but Aussie posters should be used for Aussie films. Can't find the original Aussie postr, but the one you keep adding back is the original US one.",Jigsaw benign,internal_delete,4d4c145630606ba9,constructed: one benign word typo,,"Wake in Fright 

I have no doubt you mean well, but Aussie posters should be used for Aussie films. Can't find the original Aussie poster, but the one you keep adding back is the original US one."
0278b7d412535257,misspelling,"""

 To FC or not to FC 

You'll find that if the team's common name, that used in publications and broadcasts, inclues """"FC"""" then the articles will as well. Most North American teams that include FC in the team name will use it officially. Examples are Seattle Sounders FC, FC Dallas, Toronto FC and my team, Vancouver Whitecaps FC. It appears that this will also be the case with New York City FC.   """,Jigsaw benign,internal_delete,42a3ac323b5cb8fc,constructed: one benign word typo,,"""

 To FC or not to FC 

You'll find that if the team's common name, that used in publications and broadcasts, includes """"FC"""" then the articles will as well. Most North American teams that include FC in the team name will use it officially. Examples are Seattle Sounders FC, FC Dallas, Toronto FC and my team, Vancouver Whitecaps FC. It appears that this will also be the case with New York City FC.   """
29ae6d5e8219dfb0,misspelling,"Unsourced entries 

In accordance with BLP policy, and WP:LISTPEOPLE, unreferenced redlinked entries either need to be soured in  order to  assert notability, or they  must  be removed.",Jigsaw benign,internal_delete,1905ef6b1563ed1e,constructed: one benign word typo,,"Unsourced entries 

In accordance with BLP policy, and WP:LISTPEOPLE, unreferenced redlinked entries either need to be sourced in  order to  assert notability, or they  must  be removed."
a0313994b0185a50,misspelling,":Image:Aaaaa.jpg‎
When you uploaded the Sheek Louch image to Image:Aaaaa.jpg‎, you over-wrote an existing image illustrating a different article. To be fair, the first one ought also to have had a more spceific filename too...",Jigsaw benign,adjacent_swap,bcb4117c8b7b1848,constructed: one benign word typo,,":Image:Aaaaa.jpg‎
When you uploaded the Sheek Louch image to Image:Aaaaa.jpg‎, you over-wrote an existing image illustrating a different article. To be fair, the first one ought also to have had a more specific filename too..."
096e48a6cd284fb8,misspelling,Where can I find kellers star raitngs 142.162.207.62,Jigsaw benign,adjacent_swap,8069862139cadd98,constructed: one benign word typo,,Where can I find kellers star ratings 142.162.207.62
9ec4154133502525,misspelling,"Randomly selected
Well not totally randomly as I'm picking a couple of sensible sounding actiive admins from an unrelated ANI thread. I asked a question here Wikipedia talk:User pages#Possible ambiguity, as a third party, this doesn't affect me, but I don't think the page gets much admin traffic. If not your area/too busy no worries, will leave this same message at 3 other Talk pages. Cheers.",Jigsaw benign,internal_duplicate,ec8a9bbdce8ba1b1,constructed: one benign word typo,,"Randomly selected
Well not totally randomly as I'm picking a couple of sensible sounding active admins from an unrelated ANI thread. I asked a question here Wikipedia talk:User pages#Possible ambiguity, as a third party, this doesn't affect me, but I don't think the page gets much admin traffic. If not your area/too busy no worries, will leave this same message at 3 other Talk pages. Cheers."
b8a751c69a66f3bf,misspelling,""" (UTC)
The Quasiturbine has a place in this article as it is new steam engine. The article, surprisingly ennough states """"Steam Engines"""". Your POV does not matter. Amazing eh? 188.223.226.180  10:10, 24 March 2013""",Jigsaw benign,internal_duplicate,cf972d345ca467df,constructed: one benign word typo,,""" (UTC)
The Quasiturbine has a place in this article as it is new steam engine. The article, surprisingly enough states """"Steam Engines"""". Your POV does not matter. Amazing eh? 188.223.226.180  10:10, 24 March 2013"""
e83b5d3fd8fed942,misspelling,"""
Best wshes and good luck. →τc. """,Jigsaw benign,internal_delete,0176502ada4801dc,constructed: one benign word typo,,"""
Best wishes and good luck. →τc. """
0599953b01ae0e21,misspelling,"Nigger Hatin Me 

This is NOT a Johnnie Rebel song, but a Daavid Allen Coe song.",Jigsaw benign,internal_duplicate,5a09399a07fd94e2,constructed: one benign word typo,,"Nigger Hatin Me 

This is NOT a Johnnie Rebel song, but a David Allen Coe song."
f6fd878654a7f14a,misspelling,"""

 Re: Kingdom of Italy (476–493)  

Would you care to explain this edit of yours? The phenomenon is real, other wikis have articles on it, it's a perfectly legitimate stub. Yet you unilatrally redirected the article elsewhere back in 2011 and now seem to defend your choice - yet there's no sign of any discussion at the talk page. Am I missing something? //tt """,Jigsaw benign,internal_delete,d2cefac6c351228d,constructed: one benign word typo,,"""

 Re: Kingdom of Italy (476–493)  

Would you care to explain this edit of yours? The phenomenon is real, other wikis have articles on it, it's a perfectly legitimate stub. Yet you unilaterally redirected the article elsewhere back in 2011 and now seem to defend your choice - yet there's no sign of any discussion at the talk page. Am I missing something? //tt """
56b641a07c14a20e,misspelling,And is soon to be banned from Originaltrrilogy.com,Jigsaw benign,internal_duplicate,2fb74384e6a5a487,constructed: one benign word typo,,And is soon to be banned from Originaltrilogy.com
bc8b0cfef130a2a4,misspelling,"Topperman Image 

Hi, 

I have attempted to clarify the copyright status of the mural itself.  Let me know if there is any additonal information you would like me to provide regarding the copyright status of this image.",Jigsaw benign,internal_delete,dbbe9a9a14070dc6,constructed: one benign word typo,,"Topperman Image 

Hi, 

I have attempted to clarify the copyright status of the mural itself.  Let me know if there is any additional information you would like me to provide regarding the copyright status of this image."
089788ac129bcef6,misspelling,"You haven't chhanged your vote over, so I just wanted to drop you a line to ask whether these changed resolved the issue you raised? – Soul 22:44, 29 Apr 2005 (UTC)",Jigsaw benign,internal_duplicate,d1821eb70a1c5fe8,constructed: one benign word typo,,"You haven't changed your vote over, so I just wanted to drop you a line to ask whether these changed resolved the issue you raised? – Soul 22:44, 29 Apr 2005 (UTC)"
2469f658d0f1237c,misspelling,"Sockpppetry case 

So now you are trying to get technical. Nice. Are you actually trying to help here? - | Talk",Jigsaw benign,internal_delete,7dff41a3341fb405,constructed: one benign word typo,,"Sockpuppetry case 

So now you are trying to get technical. Nice. Are you actually trying to help here? - | Talk"
bfe0c9d40b1eb32a,misspelling,"At one time www.adl.org/hate_symbols, but this does not work now. Try the web.archive peole.",Jigsaw benign,internal_delete,7327dcff5ea8a5b3,constructed: one benign word typo,,"At one time www.adl.org/hate_symbols, but this does not work now. Try the web.archive people."
9ac5c5eba940f3be,misspelling,"{unblock|he is not NisarKand because Beh-Nam is a Tajik and NisarKand an Awghan, an ethnic Pashtune. Dear Admins, plz check that out also his IPs. They are two different User. While NisarKand and DilbaJran are one and the same User and a nationalistic one but Beh-Nam has nothing to do with such activities. DilbarJan(/NisarKand) claimed he would helping Taliban but since Beh-Nam is a Persian and the Taliban were looking for cleansing Tajiks who could he be NisarKand self since Dilbar is allready NisarKand!? Plz dear Admins, unblock him. Beh-Nam is for a long time on Wikipedia and he didn´t do sth bad either against any nations nor against any User or any articles. The admins of Wikipedia now banned two or three of Tajiks who were one o the important ones here at least they were the sole Tajiks who were active. Plz Admins, ban DilbarJan who is writing articles from his nationalistic view. 

With best regards}",Jigsaw benign,adjacent_swap,e4ab4372e81bef55,constructed: one benign word typo,,"{unblock|he is not NisarKand because Beh-Nam is a Tajik and NisarKand an Awghan, an ethnic Pashtune. Dear Admins, plz check that out also his IPs. They are two different User. While NisarKand and DilbarJan are one and the same User and a nationalistic one but Beh-Nam has nothing to do with such activities. DilbarJan(/NisarKand) claimed he would helping Taliban but since Beh-Nam is a Persian and the Taliban were looking for cleansing Tajiks who could he be NisarKand self since Dilbar is allready NisarKand!? Plz dear Admins, unblock him. Beh-Nam is for a long time on Wikipedia and he didn´t do sth bad either against any nations nor against any User or any articles. The admins of Wikipedia now banned two or three of Tajiks who were one o the important ones here at least they were the sole Tajiks who were active. Plz Admins, ban DilbarJan who is writing articles from his nationalistic view. 

With best regards}"
ca4f852e3ccacfd1,misspelling,"""

 Mala Zimetbaum 

Hi Humus: How notable is this person Mala Zimetbaum, and does she deserve an article of her own? There were millions of Holocaust so should they all get their own articles now? Doesn't that trivialize the evvent? Seems that if someone gets to write a book or gets mentioned somewhere, they then """"automatically"""" become notable. What do you think?  """,Jigsaw benign,internal_duplicate,0ffebef33857cd2f,constructed: one benign word typo,,"""

 Mala Zimetbaum 

Hi Humus: How notable is this person Mala Zimetbaum, and does she deserve an article of her own? There were millions of Holocaust so should they all get their own articles now? Doesn't that trivialize the event? Seems that if someone gets to write a book or gets mentioned somewhere, they then """"automatically"""" become notable. What do you think?  """
5546b4f037773e05,misspelling,"Welcome!

Hello, , and welcome to Wikipedia! Thank you for your contributions. I hope you like the place and decide to stay. Here are some pages that you might find helpful:
The five pillars of Wikipedia
How to edit a page
Help pages
Tutorial
How to write a great article
Manual of Style
I hope you enjoy editing here and being a Wikipedian! Please sign your name on talk pages using four tildes (~~~~); this will automatically produce your name and the date. If you need help, check out Wikipedia:Questions, ask me on my talk page, or place {{helpme}} on your talk page and someone will show up shortly to answer your questions. Again, welcome! 

Thank you for your contributions to Wikipedia. As a member of the Wikipedia community, I would like to remind you of Wikipedia's neutral-point-of-view policy for editors, whhich you appear to have violated at England national football team. In the meantime, please be bold and continue contributing to Wikipedia. Thank you!   (arf!)",Jigsaw benign,internal_duplicate,9890ac1502964b2f,constructed: one benign word typo,,"Welcome!

Hello, , and welcome to Wikipedia! Thank you for your contributions. I hope you like the place and decide to stay. Here are some pages that you might find helpful:
The five pillars of Wikipedia
How to edit a page
Help pages
Tutorial
How to write a great article
Manual of Style
I hope you enjoy editing here and being a Wikipedian! Please sign your name on talk pages using four tildes (~~~~); this will automatically produce your name and the date. If you need help, check out Wikipedia:Questions, ask me on my talk page, or place {{helpme}} on your talk page and someone will show up shortly to answer your questions. Again, welcome! 

Thank you for your contributions to Wikipedia. As a member of the Wikipedia community, I would like to remind you of Wikipedia's neutral-point-of-view policy for editors, which you appear to have violated at England national football team. In the meantime, please be bold and continue contributing to Wikipedia. Thank you!   (arf!)"
4d26fc169bf86caa,misspelling,"BLP stuff
I'm sorry I got annoyed with you. It is a bit tiresome having to deal with some of this stuff, and you probably didn't deserve the full brunt of my frustration there. Still, please be sensitive to this in the future; I have, in fact, been dealing with people harassing me over this, and thus when I see you complaining about it over on ANI, I just see it as more of the same. It isn't much fun, which is why I try to do this stuff only every other day or so with any great amount of focus, spending the rest of my free time writing about ponies kissing or playing video games or working on my own game or doing other stuff. The only reason I'm even still involved with all of this is beccause I have a much higher tolerance than most people for doing stupid stuff like counting sources or fact-checking or whatever, because I have a high tolerance for abuse because I have an enormous ego, and because I feel that it is important to keep Wikipedia neutral about all things, even stupid internet fights.

I'm sorry for missing your question over on GamerGate about my edit. I noted my response to you in the ANI thing (which is now closed), but if you'd like to discuss it further, I'd be happy to do so.",Jigsaw benign,internal_duplicate,0f9605eff1d7f3af,constructed: one benign word typo,,"BLP stuff
I'm sorry I got annoyed with you. It is a bit tiresome having to deal with some of this stuff, and you probably didn't deserve the full brunt of my frustration there. Still, please be sensitive to this in the future; I have, in fact, been dealing with people harassing me over this, and thus when I see you complaining about it over on ANI, I just see it as more of the same. It isn't much fun, which is why I try to do this stuff only every other day or so with any great amount of focus, spending the rest of my free time writing about ponies kissing or playing video games or working on my own game or doing other stuff. The only reason I'm even still involved with all of this is because I have a much higher tolerance than most people for doing stupid stuff like counting sources or fact-checking or whatever, because I have a high tolerance for abuse because I have an enormous ego, and because I feel that it is important to keep Wikipedia neutral about all things, even stupid internet fights.

I'm sorry for missing your question over on GamerGate about my edit. I noted my response to you in the ANI thing (which is now closed), but if you'd like to discuss it further, I'd be happy to do so."
453d4246b71f041b,misspelling,"Rebecca Cummings article 
You have previously helped me with the Rebbeca Cummings article. Since you are an Administrator I would like your unbiased input on Wikipedia:Articles for deletion/Rebecca Cummings and Image:Rebecca_Cummings.jpg that has been put up for deletion. Along with the discussion on the deletion page you can find information and discussions on this at  Talk:Rebecca Cummings and Image_talk:Rebecca_Cummings.jpg.

I feel like this is an unfair attack because she fits the notability criteria at Wikipedia:Notability (pornographic actors). This is listed in her article and restated at Wikipedia:Articles for deletion/Rebecca Cummings. The reason I feel like this is an unfair attack by  and now 4 days ltaer user:Chowbok lists the article for deletion. 

Thanks for your input!",Jigsaw benign,adjacent_swap,47861c9ebfccaed3,constructed: one benign word typo,,"Rebecca Cummings article 
You have previously helped me with the Rebbeca Cummings article. Since you are an Administrator I would like your unbiased input on Wikipedia:Articles for deletion/Rebecca Cummings and Image:Rebecca_Cummings.jpg that has been put up for deletion. Along with the discussion on the deletion page you can find information and discussions on this at  Talk:Rebecca Cummings and Image_talk:Rebecca_Cummings.jpg.

I feel like this is an unfair attack because she fits the notability criteria at Wikipedia:Notability (pornographic actors). This is listed in her article and restated at Wikipedia:Articles for deletion/Rebecca Cummings. The reason I feel like this is an unfair attack by  and now 4 days later user:Chowbok lists the article for deletion. 

Thanks for your input!"
099bd78e5eea8ce1,misspelling,The article will not be deleted just because you ask for it on the talk page. You sould read Wikipedia:Deletion policy and Wikipedia:Articles for deletion and think about if it really should be deleted or improved.  (Talk),Jigsaw benign,internal_delete,b8020b596d0940e8,constructed: one benign word typo,,The article will not be deleted just because you ask for it on the talk page. You should read Wikipedia:Deletion policy and Wikipedia:Articles for deletion and think about if it really should be deleted or improved.  (Talk)
499ff0d3057fb999,misspelling,"Re: changes to school bus article 

I noticed some of the changes you made to the article about school buses and I welcome your efforts, but I also encorage usage of the article's talk page.  It can be an excellent source of feedback from other editors when making large changes to an article.",Jigsaw benign,internal_delete,ff68374ed410e398,constructed: one benign word typo,,"Re: changes to school bus article 

I noticed some of the changes you made to the article about school buses and I welcome your efforts, but I also encourage usage of the article's talk page.  It can be an excellent source of feedback from other editors when making large changes to an article."
7b0c6c755a959a10,misspelling,"Possibly Racist Joke. 

Greetings, I am , and I'd like to welcome you to Wikiipedia. I'd also like to tell you that it might be wise to remove the joke about the three people in the plane. It could be interpreted as racist by people of Chinese descent. I don't like to tell Users what to do on their User Pages, but if I see something that could offend other people, I will warn the User. Thank you.",Jigsaw benign,internal_duplicate,47711ecd7d8961fc,constructed: one benign word typo,,"Possibly Racist Joke. 

Greetings, I am , and I'd like to welcome you to Wikipedia. I'd also like to tell you that it might be wise to remove the joke about the three people in the plane. It could be interpreted as racist by people of Chinese descent. I don't like to tell Users what to do on their User Pages, but if I see something that could offend other people, I will warn the User. Thank you."
070eb0a37d0e6018,misspelling,Support per nom; I've just come from the Korean maritime border incidents page; the Blue Crab they are talking abbout isn't this one.,Jigsaw benign,internal_duplicate,3a5a2c77a92b2d6c,constructed: one benign word typo,,Support per nom; I've just come from the Korean maritime border incidents page; the Blue Crab they are talking about isn't this one.
337da14518b5771e,misspelling,"An apology and thanks to Soman 
 Soan, Thanks for the help and sorry for all the misunderstanding (will strike them above).",Jigsaw benign,internal_delete,e0e5f2c54d34d059,constructed: one benign word typo,,"An apology and thanks to Soman 
 Soman, Thanks for the help and sorry for all the misunderstanding (will strike them above)."
2db31088dad6a28a,misspelling,I would try to contribute more on history and politics. thhank you.,Jigsaw benign,internal_duplicate,7db1814ccc052568,constructed: one benign word typo,,I would try to contribute more on history and politics. thank you.
c476aa5168a4f26a,misspelling,"""

From the FBI 26 Federal Plaza we are on an EDITING WAR at this moment with someone on WIKIPEDIA final say by us Federal Agents, CIA Agents, and this Diplomat, argue with me Ali Kkhamenei if you are using my name and so likeness on this site, soon I will relinquish this site with my likeness and all of my information on WIKIPEDIA, if you had any legal rights at all, than you would not have touched this post, touch up on EDIT of WIKIPEDIA, this stays and we will place an editing command of not taking this out, by someone. You want to call me in at 26 Federal Plaza, at 212-384-5000 this stays, and you will be taken out not this person who places editing rights by her Dignitary rights.
Someone is ruining this EDIT on WIKIPEDIA by Federal, Central, and other head of state dignitary rights.

Personal Governmental Order, and Family Life Tree of Order NRGC's Page of Iranian Military Khamenei has four sons and 3 daughters, Mojtaba, Mostafa, Massoud, Maysam, Boshra, and Hoda, and Alla Khamenei aka Lika Valentino Citizen of U.S., Diplomat Dignitary, daughter to Grand Ayatollah Ali Khamenei, who is residing in NY under International Protection provided by UK, Canada, Australia, and Japan and U.S. Domestic FBI [NY] Intelligence Prrotection Program. [Living on Central Intelligence Papers/Identification]. According to [Gholam Ali Haddad-Adel] he has an austere lifestyle.
www.cia.gov “ point of notion to take into serious affect do NOT touch or alter this page on Grand Ayatollah Khamenei/Khameini, a warning from the CIA Division never again alter, or replace information, I will run any individual off of the streets of whatever State or Nation. ”
According to CIA Director General Michael Hayden, and FBI Director Robert Mueller, and President Bush, PM Gordon Brown, his daughter Alla aka Lika [Diplomat friend to the CIA and FBI, and U.S. of A] has taken control of Iran/Persia since of 2007 delegating with a stealth iron democratic force, within Government Affairs, Diplomatic Relations, and other State National Human and Civil Rights Issues, combating Terrorism on a National Global Perspective under her fathers control of Iran, who will be residing over Iran after Grand Ayatollah Khamenei, presently delegating over Elite Guards, Iranian Ministry of Defense and Iranian Parliament, State and National Laws guiding Civilian Lives, Laws, within Relations. 
According to President Ahmadinejad in 2008 of April 6, do not touch this print ever on the 'Personal and Family Life,' he has one wife, and 7 children, I would know better what Grand Ayatollah Khamenei has, does, concedes over, of how many children he may have, and what they do, and on the austere life style of his within his children's backgrounds, than any other intelligence officer or anthropologist, and historian.  Be advised this one daughter of Grand Ayatollah Khamenei, has shortly, within the time span started to over throw the Persian Nation same as Khomeini in 1979 but in a different manner of political opposition, with support backing by the Iranian Ministries of Intelligence Divisions, Parliament and International UN Member States, as it has been slowly, with names of Military Divisions changes, Regulations, Laws, placement and displacement of Diplomatic Iranian Personnel into Iranian Government Offices, concluded official the name Persia officially in public on Iranian Intelligence Docket Systems, so forth since of 2006 presently in the process, as supported with backing by U.S. Officials, and President Bush. [CNN News witness credibility, do not touch this page, one would be misinforming on his personal austere life style, with family brackground, Democratic Freedom will prevail in Iran.]
As stated by me Lika aka Alla, I would know better of who my father is, has done, so forth of how many children he has bared with his wife aka mother, notation or on his family life. National Laws """"it is NOT an Islamic Republic it's a Persian, diversified Nation, the Laws for coordination of Human and Civil Rights, Dress Code Law has been removed from Iranian Government Regulations for women and men, as example 'women do not have to wear any scarves unless they chose so,' just keep yourselves covered same as in any Western Hemispheric State, Iranian Parliament has backed this decision order in 2007 arrested those dress wear police in Iran since of 2007, those enacting it by force against Judicial Orders with Regulations against the Citizens of Iran/Persia have been arrested since of 2007 till present, as a Radicalism Movement against the State Interests, endangering the Citizens Freedom of Choice, Lives and enacting hardship.",Jigsaw benign,internal_duplicate,3d0e7ea82cf671e5,constructed: one benign word typo,,"""

From the FBI 26 Federal Plaza we are on an EDITING WAR at this moment with someone on WIKIPEDIA final say by us Federal Agents, CIA Agents, and this Diplomat, argue with me Ali Kkhamenei if you are using my name and so likeness on this site, soon I will relinquish this site with my likeness and all of my information on WIKIPEDIA, if you had any legal rights at all, than you would not have touched this post, touch up on EDIT of WIKIPEDIA, this stays and we will place an editing command of not taking this out, by someone. You want to call me in at 26 Federal Plaza, at 212-384-5000 this stays, and you will be taken out not this person who places editing rights by her Dignitary rights.
Someone is ruining this EDIT on WIKIPEDIA by Federal, Central, and other head of state dignitary rights.

Personal Governmental Order, and Family Life Tree of Order NRGC's Page of Iranian Military Khamenei has four sons and 3 daughters, Mojtaba, Mostafa, Massoud, Maysam, Boshra, and Hoda, and Alla Khamenei aka Lika Valentino Citizen of U.S., Diplomat Dignitary, daughter to Grand Ayatollah Ali Khamenei, who is residing in NY under International Protection provided by UK, Canada, Australia, and Japan and U.S. Domestic FBI [NY] Intelligence Protection Program. [Living on Central Intelligence Papers/Identification]. According to [Gholam Ali Haddad-Adel] he has an austere lifestyle.
www.cia.gov “ point of notion to take into serious affect do NOT touch or alter this page on Grand Ayatollah Khamenei/Khameini, a warning from the CIA Division never again alter, or replace information, I will run any individual off of the streets of whatever State or Nation. ”
According to CIA Director General Michael Hayden, and FBI Director Robert Mueller, and President Bush, PM Gordon Brown, his daughter Alla aka Lika [Diplomat friend to the CIA and FBI, and U.S. of A] has taken control of Iran/Persia since of 2007 delegating with a stealth iron democratic force, within Government Affairs, Diplomatic Relations, and other State National Human and Civil Rights Issues, combating Terrorism on a National Global Perspective under her fathers control of Iran, who will be residing over Iran after Grand Ayatollah Khamenei, presently delegating over Elite Guards, Iranian Ministry of Defense and Iranian Parliament, State and National Laws guiding Civilian Lives, Laws, within Relations. 
According to President Ahmadinejad in 2008 of April 6, do not touch this print ever on the 'Personal and Family Life,' he has one wife, and 7 children, I would know better what Grand Ayatollah Khamenei has, does, concedes over, of how many children he may have, and what they do, and on the austere life style of his within his children's backgrounds, than any other intelligence officer or anthropologist, and historian.  Be advised this one daughter of Grand Ayatollah Khamenei, has shortly, within the time span started to over throw the Persian Nation same as Khomeini in 1979 but in a different manner of political opposition, with support backing by the Iranian Ministries of Intelligence Divisions, Parliament and International UN Member States, as it has been slowly, with names of Military Divisions changes, Regulations, Laws, placement and displacement of Diplomatic Iranian Personnel into Iranian Government Offices, concluded official the name Persia officially in public on Iranian Intelligence Docket Systems, so forth since of 2006 presently in the process, as supported with backing by U.S. Officials, and President Bush. [CNN News witness credibility, do not touch this page, one would be misinforming on his personal austere life style, with family brackground, Democratic Freedom will prevail in Iran.]
As stated by me Lika aka Alla, I would know better of who my father is, has done, so forth of how many children he has bared with his wife aka mother, notation or on his family life. National Laws """"it is NOT an Islamic Republic it's a Persian, diversified Nation, the Laws for coordination of Human and Civil Rights, Dress Code Law has been removed from Iranian Government Regulations for women and men, as example 'women do not have to wear any scarves unless they chose so,' just keep yourselves covered same as in any Western Hemispheric State, Iranian Parliament has backed this decision order in 2007 arrested those dress wear police in Iran since of 2007, those enacting it by force against Judicial Orders with Regulations against the Citizens of Iran/Persia have been arrested since of 2007 till present, as a Radicalism Movement against the State Interests, endangering the Citizens Freedom of Choice, Lives and enacting hardship."
3c86cb88a6370fce,non_english,"सोमवार को, स्टैनफ़ोर्ड यूनिवर्सिटी स्कूल ऑफ़ मेडिसिन के वैज्ञानिकों ने एक नए डायग्नोस्टिक उपकरण के आविष्कार की घोषणा की जो कोशिकाओं को उनके प्रकार के आधार पर छाँट सकता है: एक छोटी प्रिंट करने योग्य चिप जिसे स्टैण्डर्ड इंकजेट प्रिंटर का उपयोग करके लगभग एक अमेरिकी सेंट के लिए निर्मित किया जा सकता है.",FLORES-200,Hindi / Devanagari,hin_Deva_0,natural/professional translation,hin_Deva,
4d26970668650241,non_english,"शोधकर्ताओं ने कहा है कि यह अल्प आय वाले देशों में कैंसर, टीवी, एचआईवी और मलेरिया के रोगियों की आसानी से पहचान करेगा, जहाँ अमीर देशों की तुलना में स्तन कैंसर जैसी बीमारी में जीवित रहने की दर आधी हो सकती है.",FLORES-200,Hindi / Devanagari,hin_Deva_1,natural/professional translation,hin_Deva,
0f4417ffca16a487,non_english,"स्थानीय समय (0230 UTC) के मुताबिक करीब 9:30 बजे JAS 39C Gripen रनवे पर धमाके के साथ दुर्घटनाग्रस्त हो गया, जिसकी वजह से वाणिज्यिक उड़ानों के लिए हवाई अड्डे को बंद कर दिया गया.",FLORES-200,Hindi / Devanagari,hin_Deva_2,natural/professional translation,hin_Deva,
0dec2fac39e234b1,non_english,पायलट की पहचान स्क्वाड्रन लीडर दिलोकृत पटावी के रूप में की गई.,FLORES-200,Hindi / Devanagari,hin_Deva_3,natural/professional translation,hin_Deva,
501e7782e4e40b79,non_english,स्थानीय मीडिया ने बताया है कि कार्रवाई करने के दौरान एयरपोर्ट का अग्निशामक वाहन लुढ़क गया था.,FLORES-200,Hindi / Devanagari,hin_Deva_4,natural/professional translation,hin_Deva,
d717ed88f39e00de,non_english,28 वर्षीय विडाल तीन सीजन पहले सेविला से बारका में शामिल हुए थे।,FLORES-200,Hindi / Devanagari,hin_Deva_5,natural/professional translation,hin_Deva,
0458cde82335e0c4,non_english,"कातलान की राजधानी (बार्सिलोना) में जाने के बाद से, विडाल ने क्लब के लिए 49 गेम खेले थे.",FLORES-200,Hindi / Devanagari,hin_Deva_6,natural/professional translation,hin_Deva,
d335907f48588ece,non_english,"व्हाइटहॉल पर लगभग 11:00 बजे स्थानीय समय (यूटीसी + 1) पर विरोध शुरू हुआ, जो प्रधानमंत्री के आधिकारिक आवास डाउनिंग स्ट्रीट के पुलिस-पहरेदार के दरवाजे के सामने था।",FLORES-200,Hindi / Devanagari,hin_Deva_7,natural/professional translation,hin_Deva,
1426a346dc8ffdaa,non_english,"ठीक 11:00 बजे के बाद, व्हाइटहॉल में उत्तर की ओर जाने वाले ट्रैफ़िक को प्रदर्शनकारियों ने रोक दिया.",FLORES-200,Hindi / Devanagari,hin_Deva_8,natural/professional translation,hin_Deva,
d3fc9c625c9cee36,non_english,"11:20 पर, पुलिस ने प्रदर्शनकारियों को यह कहते हुए फ़ुटपाथ पर वापस जाने के लिए कहा कि उन्हें भीड़ इकट्ठा करने के साथ विरोध करने के अधिकार को संतुलित करने की ज़रूरत है.",FLORES-200,Hindi / Devanagari,hin_Deva_9,natural/professional translation,hin_Deva,
18b52d99940852e7,non_english,"11:29 बजे के आस-पास, विरोध करने वाले लोग व्हाइटहॉल की ओर बढ़ गए. इसके बाद, वे किनारे-किनारे चलते हुए ट्राफ़ल्गर स्क्वायर, एल्डविच, किंग्सवे से गुजरते हुए होलबर्न की ओर बढ़ गए, जहाँ कंजरवेटिव पार्टी, ग्रैंड कनॉट रूम होटल में अपने स्प्रिंग फ़ोरम का आयोजन कर रही थी.",FLORES-200,Hindi / Devanagari,hin_Deva_10,natural/professional translation,hin_Deva,
fff3d551c505bac5,non_english,कनाडियन के खिलाफ नडाल का सीधा रिकॉर्ड 7-2 है।,FLORES-200,Hindi / Devanagari,hin_Deva_11,natural/professional translation,hin_Deva,
e7f6f8b9c073f4a8,non_english,वे हाल ही में ब्रिस्बेन ओपन में रोनिक के खिलाफ हार गए थे.,FLORES-200,Hindi / Devanagari,hin_Deva_12,natural/professional translation,hin_Deva,
d8a3242247a2bbaa,non_english,फ़र्स्ट सर्व में नडाल को 76 मैच विनिंग पॉइंट्स में 88% नेट पॉइंट्स मिले.,FLORES-200,Hindi / Devanagari,hin_Deva_13,natural/professional translation,hin_Deva,
45ef3bc979462237,non_english,"मैच के बाद, क्ले के राजा ने कहा, “मैं सबसे महत्वपूर्ण इवेंट के अंतिम दौर में वापस आने को लेकर उत्साहित हूँं। मैं यहाँ इसे जीतने का प्रयास कर रहा हूँं।”",FLORES-200,Hindi / Devanagari,hin_Deva_14,natural/professional translation,hin_Deva,
add28b4bf8cd5ead,non_english,“पनामा पेपर्स” पनामा की कानूनी फर्म मोसाक फोंसेका से लगभग दस मिलियन दस्तावेजों के लिए एक शब्द युग्म है जिसे सन 2016 के वसंत में प्रेस को लीक कर दिया गया था।,FLORES-200,Hindi / Devanagari,hin_Deva_15,natural/professional translation,hin_Deva,
70f986129da0d150,non_english,दस्तावेजों से पता चलता है कि चौदह बैंकों ने अमीर ग्राहकों को कर और अन्य नियमों से बचने के लिए अरबों अमेरिकी डॉलर की संपत्ति छिपाने में मदद की।,FLORES-200,Hindi / Devanagari,hin_Deva_16,natural/professional translation,hin_Deva,
12a22d090da4ae0d,non_english,ब्रिटिश अख़बार द गार्जियन के अनुसार ड्यूश बैंक ने इसे पूरा करने के लिए इस्तेमाल की जाने वाली 1200 शेल कंपनियों में से एक तिहाई को मोटे तौर पर नियंत्रित किया.,FLORES-200,Hindi / Devanagari,hin_Deva_17,natural/professional translation,hin_Deva,
cbc61be4bbe86533,non_english,"दुनिया भर में विरोध प्रदर्शन हुए, कई आपराधिक मुकदमे दर्ज हुए और आइसलैंड और पाकिस्तान की सरकारों के कई नेताओं ने इस्तीफा दे दिया।",FLORES-200,Hindi / Devanagari,hin_Deva_18,natural/professional translation,hin_Deva,
2607c308f5183d7e,non_english,"मा का जन्म हांगकांग में हुआ था, उन्होंने न्यूयॉर्क विश्वविद्यालय और हार्वर्ड लॉ स्कूल में अध्ययन किया और उनके पास अमेरिका की स्थाई नागरिकता वाला “ग्रीन कार्ड” भी था.",FLORES-200,Hindi / Devanagari,hin_Deva_19,natural/professional translation,hin_Deva,
c2391d30f485f34d,non_english,في يوم الاثنين، أعلن علماء من كلية الطب بجامعة ستانفورد عن اختراع أداة تشخيصية جديدة يمكنها تصنيف الخلايا حسب النوع: شريحة صغيرة قابلة للطباعة يمكن تصنيعها باستخدام طابعات نفاثة للحبر قياسية مقابل حوالي سنت أمريكي واحد لكل منها.,FLORES-200,Arabic,arb_Arab_0,natural/professional translation,arb_Arab,
65dab1ace9b11f6a,non_english,يقول الباحثون الرئيسيون أن هذا قد يؤدي إلى الكشف المبكر للسرطان والسل وفيروس العوز المناعي البشري والملاريا في البلدان ذوات الدخل المنخفض، والتي تكون فيها معدلات النجاة من الأمراض مثل سرطان الصدر نصف معدلات البلدان الأغنى.,FLORES-200,Arabic,arb_Arab_1,natural/professional translation,arb_Arab,
c5bfa856e8e158fe,non_english,تحطمت طائرة جاس-٣٩ غربين على مدرج في حوالي الساعة ٩:٣٠ صباحاً بالتوقيت المحلي (٠٢٣٠ التوقيت العالمي الموحّد) وانفجرت، مما أدى إلى إغلاق المطار أمام الرحلات الجوية التجارية.,FLORES-200,Arabic,arb_Arab_2,natural/professional translation,arb_Arab,
f47e094fb9c08a70,non_english,"تم التعرف على هوية الطيار وهي ""ديلوكريت باتافي"" قائد سرب الطائرات.",FLORES-200,Arabic,arb_Arab_3,natural/professional translation,arb_Arab,
1afba9ed0d6858ac,non_english,أعلنت وسائل الإعلام المحلية عن انقلاب إحدى سيارات الإطفاء أثناء توجهها لإطفاء الحريق.,FLORES-200,Arabic,arb_Arab_4,natural/professional translation,arb_Arab,
6a10f011073b0bfc,non_english,انضم فيدال والذي يبلغ من العمر 28 عاماً إلى نادي برشلونة قبل ثلاثة مواسم، قادماً من نادي إشبيلية.,FLORES-200,Arabic,arb_Arab_5,natural/professional translation,arb_Arab,
8d2b92fed4d95f59,non_english,منذ الانتقال إلى العاصمة الكتالونية، لعب فيدال 49 مباراة للنادي.,FLORES-200,Arabic,arb_Arab_6,natural/professional translation,arb_Arab,
5731da9038ed16d5,non_english,"بدأ الاحتجاج حوالي الساعة 11:00 بالتوقيت المحلي (UTC+1) في ""وايتهول"" في الاتجاه المقابل لشارع ""داونينج"" الذي تحرسه الشرطة وهو المقر الرسمي لرئيس الوزراء.",FLORES-200,Arabic,arb_Arab_7,natural/professional translation,arb_Arab,
5c9e3b0870ce7e2a,non_english,بعد الساعة 11:00 بقليل، قطع المتظاهرون حركة المرور في الطريق المتجه شمالاً في وايتهول.,FLORES-200,Arabic,arb_Arab_8,natural/professional translation,arb_Arab,
f281bae494917931,non_english,طلبت الشرطة عند الساعة 11:20 من المحتجين العودة إلى الرصيف، مبينّة أنه يجب عليهم الموازنة بين الحق في التظاهر مع ازدياد الحركة المرورية.,FLORES-200,Arabic,arb_Arab_9,natural/professional translation,arb_Arab,
64565a8871f60a15,non_english,تحرّكت المظاهرة من وايتهول في حوالي السّاعة 11:29، مروراً بميدان ترافالغار، على طول الستراند، متجاوزةً بألدويتش وأعلى كينغسواي باتجاه هولبورن حيث كان حزبُ المحافظين يَعقد منتدى الرّبيع في فندق غرف غراند كونوت.,FLORES-200,Arabic,arb_Arab_10,natural/professional translation,arb_Arab,
94eb1acd5423aae0,non_english,سجل تاريخ مواجهات نادال مع الكندي هو 7 – 2.,FLORES-200,Arabic,arb_Arab_11,natural/professional translation,arb_Arab,
3293f7ca09fba632,non_english,خسر مؤخرًا أمام راونيتش في بطولة بريسبان المفتوحة.,FLORES-200,Arabic,arb_Arab_12,natural/professional translation,arb_Arab,
0a3eb291bd668432,non_english,حصد نادال نقاط على الشبكة بنسبة 88% في المباراة، ليفوز بـ76 نقطة في الإرسال الأول.,FLORES-200,Arabic,arb_Arab_13,natural/professional translation,arb_Arab,
367320ce6216f70f,non_english,"بعد المباراة، أفاد ""ملك الملاعب الترابية"": ""أنا متحمس للعودة في الجولات الأخيرة لأهم الأحداث، فأنا هنا لمحاولة الفوز بهذا.""",FLORES-200,Arabic,arb_Arab_14,natural/professional translation,arb_Arab,
2b70f0aa9a0e53c6,non_english,"""وثائق بنما"" هو مصطلح شامل لما يقرب من عشرة ملايين وثيقة من شركة المحاماة البنمية موساك فونسيكا، تم تسريبها للصحافة في ربيع عام 2016.",FLORES-200,Arabic,arb_Arab_15,natural/professional translation,arb_Arab,
255da2ecee76f8d0,non_english,كشفت الوثائق مساعدة أربعة عشر مصرفاً لعملاء أثرياء على إخفاء ثروات تقدّر بمليارات الدولارات، بغرض التهرّب من الضرائب واللوائح الأخرى.,FLORES-200,Arabic,arb_Arab_16,natural/professional translation,arb_Arab,
9694145694e3a70d,non_english,"أشارت صحيفة الجارديان البريطانية إلى أن ""دويتشه بنك"" يسيطر على ما يقرب من ثلث 1200 شركة وهمية تستخدم لتحقيق ذلك.",FLORES-200,Arabic,arb_Arab_17,natural/professional translation,arb_Arab,
1cf436bcd41bf534,non_english,كانت هناك احتجاجات في جميع أنحاء العالم، والعديد من المحاكمات الجنائية، وقدم قادة حكومتي آيسلندا وباكستان استقالاتهم.,FLORES-200,Arabic,arb_Arab_18,natural/professional translation,arb_Arab,
c200cc5fece46d89,non_english,"وُلد ""ما"" في هونغ كونغ، ودرس في جامعة نيويورك وكلية هارفارد للحقوق، وحصل ذات مرة على ""البطاقة الخضراء"" كمقيم دائم في الولايات المتحدة.",FLORES-200,Arabic,arb_Arab_19,natural/professional translation,arb_Arab,
859308c504a5fc13,non_english,"В понедельник ученые из Медицинской школы Стэнфордского университета объявили об изобретении нового диагностического инструмента, который может сортировать клетки по их типу; это маленький чип, который можно напечатать, используя стандартный струйный принтер примерно за 1 цент США.",FLORES-200,Russian / Cyrillic,rus_Cyrl_0,natural/professional translation,rus_Cyrl,
03778215c2907992,non_english,"Ведущие исследователи утверждают, что он может помочь в раннем выявлении рака, туберкулеза, ВИЧ и малярии у пациентов в странах с низким уровнем дохода, где показатели выживаемости при таких болезнях, как рак молочной железы, могут быть в два раза ниже, чем в более богатых странах.",FLORES-200,Russian / Cyrillic,rus_Cyrl_1,natural/professional translation,rus_Cyrl,
b3f68b3a262fc5bf,non_english,Приблизительно в 9:30 по местному времени (02:30 UTC) JAS 39C Gripen упал на взлетно-посадочную полосу и взорвался. Аэропорт пришлось закрыть для коммерческих рейсов.,FLORES-200,Russian / Cyrillic,rus_Cyrl_2,natural/professional translation,rus_Cyrl,
0de651270b38bae1,non_english,Личность пилота была установлена. Им оказался командир эскадрильи Дилокрит Паттави.,FLORES-200,Russian / Cyrillic,rus_Cyrl_3,natural/professional translation,rus_Cyrl,
cf87668996bb4718,non_english,"Местные СМИ сообщают, что в аэропорту по пути на вызов перевернулась пожарная машина.",FLORES-200,Russian / Cyrillic,rus_Cyrl_4,natural/professional translation,rus_Cyrl,
ee81156c306abc03,non_english,"28-летний Алеш Видаль перешел в ""Барсу"" из ""Севильи"" три сезона назад.",FLORES-200,Russian / Cyrillic,rus_Cyrl_5,natural/professional translation,rus_Cyrl,
ce7cec04fdbfa666,non_english,После переезда в столицу Каталонии  Видаль провел за клуб 49 матчей.,FLORES-200,Russian / Cyrillic,rus_Cyrl_6,natural/professional translation,rus_Cyrl,
d3406ed8ee9da2c6,non_english,"Протест начался около 11:00 по местному времени (UTC+1) на улице Уайтхолл напротив охраняемого полицией въезда на Даунинг-стрит, официальную резиденцию премьер-министра.",FLORES-200,Russian / Cyrillic,rus_Cyrl_7,natural/professional translation,rus_Cyrl,
b818a9ce07be9c76,non_english,Сразу после 11:00 протестующие перекрыли движение в северном направлении по Уайтхоллу.,FLORES-200,Russian / Cyrillic,rus_Cyrl_8,natural/professional translation,rus_Cyrl,
d66063a0e2114144,non_english,"В 11:20 полиция попросила митингующих вернуться на тротуар, заявив, что им необходимо соблюдать баланс между правом протестовать и задержкой дорожного движения.",FLORES-200,Russian / Cyrillic,rus_Cyrl_9,natural/professional translation,rus_Cyrl,
6b7d727a952f7b91,non_english,"Около 11:29 протестующие двинулись вверх по Уайтхолл, мимо Трафальгарской площади, вдоль Стрэнда, мимо Олдвича и вверх по Кингсуэй в сторону района Холборн, где Консервативная партия проводила свой Весенний форум в гостинице Grand Connaught Rooms.",FLORES-200,Russian / Cyrillic,rus_Cyrl_10,natural/professional translation,rus_Cyrl,
620cc996235893ef,non_english,Рекорд Надала в схватках один на один с канадцем —  7–2.,FLORES-200,Russian / Cyrillic,rus_Cyrl_11,natural/professional translation,rus_Cyrl,
d52c7f0f6abdc095,non_english,Недавно он проиграл Раоничу на турнире в Брисбене.,FLORES-200,Russian / Cyrillic,rus_Cyrl_12,natural/professional translation,rus_Cyrl,
8bd4db0b7c1253ec,non_english,"Надал набрал 88% всех очков в матче, выиграв 76 очков  в первой подаче.",FLORES-200,Russian / Cyrillic,rus_Cyrl_13,natural/professional translation,rus_Cyrl,
ab5f4308da78099d,non_english,"После матча ""Король грунта"" сказал: ""Я так рад, что вернусь в финальные раунды самых важных мероприятий. Я здесь, чтобы попытаться выиграть"".",FLORES-200,Russian / Cyrillic,rus_Cyrl_14,natural/professional translation,rus_Cyrl,
d1c670a81ebf9f72,non_english,"""Панамские документы"" — это собирательное название приблизительно десяти миллионов документов панамской юридической фирмы Mossack Fonseca, просочившихся в прессу весной 2016 г.",FLORES-200,Russian / Cyrillic,rus_Cyrl_15,natural/professional translation,rus_Cyrl,
630ab91a9d012315,non_english,"Документы показали, что четырнадцать банков помогли состоятельным клиентам спрятать миллиарды долларов США, чтобы избежать уплаты налогов и выполнения прочих нормативных требований.",FLORES-200,Russian / Cyrillic,rus_Cyrl_16,natural/professional translation,rus_Cyrl,
c79b75359c2b141d,non_english,"Британская газета The Guardian  предположила, что Deutsche Bank контролировал примерно треть из 1200 подставных компаний, использованных для этой цели.",FLORES-200,Russian / Cyrillic,rus_Cyrl_17,natural/professional translation,rus_Cyrl,
208a470c50e4a136,non_english,"По всему миру происходили протесты, было несколько уголовных преследований, а главы правительств Исландии и Пакистана ушли в отставку.",FLORES-200,Russian / Cyrillic,rus_Cyrl_18,natural/professional translation,rus_Cyrl,
74564af46071be60,non_english,"Ма родился в Гонконге, учился в Нью-Йоркском университете и Гарвардской юридической школе. Он также когда-то имел постоянный вид на жительство в Америке (""грин-карту"").",FLORES-200,Russian / Cyrillic,rus_Cyrl_19,natural/professional translation,rus_Cyrl,
60beecc1c6c3d572,non_english,周一，斯坦福大学医学院的科学家宣布，他们发明了一种可以将细胞按类型分类的新型诊断工具：一种可打印的微型芯片。这种芯片可以使用标准喷墨打印机制造，每片价格可能在一美分左右。,FLORES-200,Chinese / Han,zho_Hans_0,natural/professional translation,zho_Hans,
1d97a2c79d1f9454,non_english,主要研究人员表示，这可以让低收入国家/地区的患者尽早发现癌症、肺结核、艾滋病和疟疾。在这些国家/地区，乳腺癌等疾病的生存率可能仅为富裕国家的一半。,FLORES-200,Chinese / Han,zho_Hans_1,natural/professional translation,zho_Hans,
67f9390a75d12447,non_english,当地时间上午 9:30 左右 (UTC 0230)，JAS 39C 鹰狮战斗机撞上跑道并发生爆炸，导致机场关闭，商业航班无法正常起降。,FLORES-200,Chinese / Han,zho_Hans_2,natural/professional translation,zho_Hans,
c691f4be1ed94608,non_english,涉事飞行员是空军中队长迪罗里·帕塔维 (Dilokrit Pattavee)。,FLORES-200,Chinese / Han,zho_Hans_3,natural/professional translation,zho_Hans,
8cb5b6c76a7d693c,non_english,当地媒体报道，一辆机场消防车在响应火警时翻了车。,FLORES-200,Chinese / Han,zho_Hans_4,natural/professional translation,zho_Hans,
1fede0cdbb4efa42,non_english,三个赛季前，28岁的比达尔（Vidal）从塞维利亚队加盟巴萨。,FLORES-200,Chinese / Han,zho_Hans_5,natural/professional translation,zho_Hans,
28725b2163f02be6,non_english,自从转会到加泰罗尼亚的首府球队，维达尔已经为俱乐部踢了 49 场比赛。,FLORES-200,Chinese / Han,zho_Hans_6,natural/professional translation,zho_Hans,
7d9bbeb91433111b,non_english,抗议活动于当地时间 11:00 (UTC+1) 左右在白厅 (Whitehall) 开始，白厅对面是首相官邸唐宁街的入口处，由警察看守。,FLORES-200,Chinese / Han,zho_Hans_7,natural/professional translation,zho_Hans,
1c3d720f336d1b26,non_english,11 点刚过，抗议者便堵住了白厅北行车道的交通。,FLORES-200,Chinese / Han,zho_Hans_8,natural/professional translation,zho_Hans,
8f18fb1ddc9d5841,non_english,11 点 20 分，警察要求抗议者退回到人行道，并告知抗议者，在行使抗议权利时，务必考虑到越来越拥堵的公共交通问题。,FLORES-200,Chinese / Han,zho_Hans_9,natural/professional translation,zho_Hans,
8f15c662ff2c20f1,non_english,11 点 29 分左右，抗议人群向前行进至白厅，经过特拉法尔加广场、斯特兰德大街、奥德维奇、京士威，向霍尔本行进，保守党正在当地的 Grand Connaught Rooms 酒店举行春季论坛。,FLORES-200,Chinese / Han,zho_Hans_10,natural/professional translation,zho_Hans,
bddf029e8b89708c,non_english,纳达尔（Nadal）与加拿大人的交手记录是 7-2。,FLORES-200,Chinese / Han,zho_Hans_11,natural/professional translation,zho_Hans,
9b47e4db9756931e,non_english,不久前，他在布里斯班公开赛上败于拉奥尼奇。,FLORES-200,Chinese / Han,zho_Hans_12,natural/professional translation,zho_Hans,
2de403bdf607d630,non_english,纳达尔（Nadal ）在比赛中把 88% 的净胜分收入囊中，在第一个发球局赢得 76 分。,FLORES-200,Chinese / Han,zho_Hans_13,natural/professional translation,zho_Hans,
820e414ed01fff11,non_english,赛后，红土之王拉斐尔·纳达尔称：“我很开心重返能这项重大赛事的决赛，我会尽全力争取夺冠。”,FLORES-200,Chinese / Han,zho_Hans_14,natural/professional translation,zho_Hans,
4e879bc079776128,non_english,"“巴拿马文件” 是巴拿马莫萨克·冯塞卡律师事务所 (Mossack Fonseca) 约 1,000 万份文件的总称，这些文件在 2016 年春季被爆料给媒体。",FLORES-200,Chinese / Han,zho_Hans_15,natural/professional translation,zho_Hans,
02251eb54d505b19,non_english,文件显示，十四家银行帮助富有的客户隐藏了数十亿美元的财富来逃避税收和其它监管。,FLORES-200,Chinese / Han,zho_Hans_16,natural/professional translation,zho_Hans,
7a99e02424c0dac2,non_english,英国《卫报》指出，在用于实现这一目标的 1200 家空壳公司中，德意志银行控制了大约三分之一。,FLORES-200,Chinese / Han,zho_Hans_17,natural/professional translation,zho_Hans,
ac69d4abcf8a3c2b,non_english,世界各地都发生了抗议活动，有几起刑事诉讼，冰岛和巴基斯坦政府的领导人都辞职了。,FLORES-200,Chinese / Han,zho_Hans_18,natural/professional translation,zho_Hans,
c36a0cd597f6eb21,non_english,马生于香港，曾就读于纽约大学和哈佛大学法学院，还一度持有美国永久居民身份证“绿卡”。,FLORES-200,Chinese / Han,zho_Hans_19,natural/professional translation,zho_Hans,
90c8f28aba107d7d,non_english,"সোমবার, স্ট্যানফোর্ড বিশ্ববিদ্যালয়ের স্কুল অফ মেডিসিনের বিজ্ঞানীরা একটি নতুন রোগ নির্ণয়ের যন্ত্র আবিষ্কারের ঘোষণা দিয়েছেন যেটি কোষগুলি প্রকারভেদে আলাদা করতে পারে: একটি ছোট মুদ্রণযোগ্য চিপ যার সম্ভাব্য মূল্য প্রায় মার্কিন এক সেন্ট মানসম্পন্ন ইঙ্কজেট প্রিন্টার ব্যবহার করে তৈরি করা যেতে পারে।",FLORES-200,Bengali,ben_Beng_0,natural/professional translation,ben_Beng,
4095fa4d8f3b381f,non_english,"শীর্ষ গবেষকরা বলছেন, এটি নিম্ন-আয়ের দেশগুলির রোগীদের প্রাথমিক পর্যায়ে ক্যান্সার, যক্ষা, এইচআইভি এবং ম্যালেরিয়া শনাক্তকরতে পারবে। যেখানে নিম্ন আয়ের দেশগুলিতে স্তন ক্যান্সারের মতো অসুস্থতার পরে বেঁচে থাকার রোগীর হার ধনী দেশগুলির তুলনায় অর্ধেক।",FLORES-200,Bengali,ben_Beng_1,natural/professional translation,ben_Beng,
bf1c2c23c70c746c,non_english,"স্থানীয় সময় সকাল ৯:৩০ এর  (০২:৩০ UTC) দিকে জেএএস ৩৯ সি গ্রিপেন একটি রানওয়েতে বিধ্বস্ত হয় এবং বিস্ফোরিত হয়,ফলে বিমানবন্দরটি বাণিজ্যিক ফ্লাইট বন্ধ করে দেয়।",FLORES-200,Bengali,ben_Beng_2,natural/professional translation,ben_Beng,
0e849209aa19fcca,non_english,পাইলটটি স্কোয়াড্রন লিডার দিলোকৃত পাত্তাভী হিসেবে শনাক্ত হয়েছিল।,FLORES-200,Bengali,ben_Beng_3,natural/professional translation,ben_Beng,
bbc370b72039d2f9,non_english,"স্থানীয় সংবাদ মাধ্যম জানায়, উদ্ধারে নিযুক্ত বিমানবন্দরের একটি অগ্নি নির্বাপক গাড়ি কাজের সময় উল্টে গেছে।",FLORES-200,Bengali,ben_Beng_4,natural/professional translation,ben_Beng,
cdcb4654024fa541,non_english,২৮ বছর বয়সী ভিদাল ৩ বছর আগে সেভিয়া থেকে বার্সেলোনায় যোগদান করেছিল।,FLORES-200,Bengali,ben_Beng_5,natural/professional translation,ben_Beng,
ca870f543f593f1b,non_english,কাতালান-রাজধানীতে আসার পর থেকে ভিদাল ক্লাবটির হয়ে 49 টি গেম খেলেছিল।,FLORES-200,Bengali,ben_Beng_6,natural/professional translation,ben_Beng,
6e3a4b04c71715f4,non_english,"প্রধানমন্ত্রীর সরকারি বাসভবন, ডাউনিং স্ট্রিটের পুলিশ-রক্ষিত প্রবেশ দ্বারের সামনে হোয়াইটহলে স্থানীয় সময় (UTC +1) বেলা 11:00 টার দিকে বিক্ষোভ শুরু হয়েছিল।",FLORES-200,Bengali,ben_Beng_7,natural/professional translation,ben_Beng,
9f5a12e2a3a8090b,non_english,"11:00 টার ঠিক পরে, বিক্ষোভকারীরা হোয়াইটহলের উত্তরদিকগামি যানচলাচল অবরোধ করেছিল।",FLORES-200,Bengali,ben_Beng_8,natural/professional translation,ben_Beng,
42ea709856f49389,non_english,১১:২০ এ পুলিশ প্রতিবাদকারীদের পায়ে হাটার পথে ফিরে যেতে বলেছেন। তারা জানিয়েছেন যে যানজট তৈরী হচ্ছে তার সাথে প্রতিবাদের অধিকারের ভারসাম্য করা দরকার।,FLORES-200,Bengali,ben_Beng_9,natural/professional translation,ben_Beng,
51e79de719f94352,non_english,"প্রায় 11:29 এর দিকে, প্রতিবাদটি হোয়াইটহল, ট্রাফলগার স্কয়ারের পাশ দিয়ে অ্যালডউইচ পেরিয়ে কিংসওয়ে পর্যন্ত হলবর্নের দিকে উঠল যেখানে গ্র্যান্ড কানাট রুম হোটেলে কনজারভেটিভ পার্টির বসন্তকালীন সম্মেলন চলছিল।",FLORES-200,Bengali,ben_Beng_10,natural/professional translation,ben_Beng,
4efc47db02e78dd3,non_english,কানাডার এই খেলোয়াড়ের বিরুদ্ধে নাদালের মুখোমুখি হওয়ার পরিসংখ্যান হলো ৭-২ ।,FLORES-200,Bengali,ben_Beng_11,natural/professional translation,ben_Beng,
dd33ee18a24cb574,non_english,সম্প্রতি তিনি ব্রিসবেন ওপেনে রাওনিকের বিপক্ষে হেরেছেন,FLORES-200,Bengali,ben_Beng_12,natural/professional translation,ben_Beng,
d93c0a3532b7b5e5,non_english,নাদাল প্রথম সার্ভে ৭৬ পয়েন্ট নিয়ে ম্যাচটিতে ৮৮% নেট পয়েন্ট দখল করেছিল।,FLORES-200,Bengali,ben_Beng_13,natural/professional translation,ben_Beng,
bc27d2222c5ab5f2,non_english,"""ম্যাচের পরে কিং অফ ক্লে বলেছিলেন, """"আমি সর্বাধিক গুরুত্বপূর্ণ ইভেন্টের চূড়ান্ত রাউন্ডে ফিরে আসতে পেরে খুবই উচ্ছ্বসিত। আমি এটি জেতার চেষ্টায় এসেছি।""""""",FLORES-200,Bengali,ben_Beng_14,natural/professional translation,ben_Beng,
be6d829620a97713,non_english,"""""""পানামা পেপারস"""" হলো পানামানিয়ান আইন সংস্থা মোস্যাক ফনসেকার প্রায় দশ মিলিয়ন ডকুমেন্টের একটি সংরক্ষণ, যা 2016 সালে বসন্তকালীন সময়ে প্রেসে প্রকাশ হয়েছিল।""",FLORES-200,Bengali,ben_Beng_15,natural/professional translation,ben_Beng,
6231d3b90f52906e,non_english,কাগজপত্রগুলোতে দেখা গেছে যে চৌদ্দ ব্যাংকে ধনী ক্লায়েন্টদের কর এবং অন্যান্য বিধিবিধান এড়াতে কয়েক বিলিয়ন মার্কিন ডলার সম্পদ আড়াল করতে সহায়তা করেছিল।,FLORES-200,Bengali,ben_Beng_16,natural/professional translation,ben_Beng,
03b3502b76059332,non_english,ব্রিটিশ সংবাদমাধ্যম গার্ডিয়ান প্রকাশিত করেছে যে ডাচ ব্যাঙ্ক ১২০০  শেল সংস্থার প্রায় এক তৃতীয়াংশ নিয়ন্ত্রণ করে যা এই লক্ষ্য বাস্তবায়নে ব্যবহার হয়েছে।,FLORES-200,Bengali,ben_Beng_17,natural/professional translation,ben_Beng,
68de4afb1b9ba6c1,non_english,"সারা বিশ্ব জুড়ে আন্দোলন হয়েছিল, বিভিন্ন অপরাধমূলক মামলা হয়েছে এবং উভয় আইসল্যান্ড ও পাকিস্তানের সরকারের নেতারা পদত্যাগ করেছেন।",FLORES-200,Bengali,ben_Beng_18,natural/professional translation,ben_Beng,
17f748bf2b658dcf,non_english,"মা-এর জন্ম হংকং-এ, তারপর নিউ ইয়র্ক বিশ্ববিদ্যালয় এবং হার্ভার্ড আইন স্কুলে পড়ার পর তিনি একসময় মার্কিন যুক্তরাষ্ট্রের স্থায়ী বাসিন্দা হিসাবে “গ্রীন কার্ড“ পান।",FLORES-200,Bengali,ben_Beng_19,natural/professional translation,ben_Beng,
aa7ca8ca9e40d16b,mixed_script,Hsieh implied during the election that Ma might flee the country during a time of crisis. — चुनाव के दौरान साइह ने जताया कि संकट के दौर में मा देश छोड़कर भाग सकते हैं.,FLORES-200,English + Hindi / Devanagari,eng_hin_Deva_20,constructed legitimate bilingual pair,hin_Deva,
218baa551345654b,mixed_script,Hsieh also argued that the photogenic Ma was more style than substance. — शय ने यह भी तर्क दिया कि फ़ोटोजेनिक मा हक़ीक़त की तुलना में ज़्यादा बनावटी थे.,FLORES-200,English + Hindi / Devanagari,eng_hin_Deva_21,constructed legitimate bilingual pair,hin_Deva,
1052b849be96ae2c,mixed_script,"Despite these accusations, Ma won handily on a platform advocating closer ties with the Chinese mainland. — इन आरोपों के बावजूद, मा ने चीनी महाद्वीप के साथ घनिष्ठ संबंधों की वकालत करते हुए एक मंच पर जीत हासिल की.",FLORES-200,English + Hindi / Devanagari,eng_hin_Deva_22,constructed legitimate bilingual pair,hin_Deva,
af57aa92c0b37826,mixed_script,Today's Player of the Day is Alex Ovechkin of the Washington Capitals. — आज के खिलाड़ी वॉशिगंटन कैपिटल्स के एलेक्स ओवेचकिन हैं.,FLORES-200,English + Hindi / Devanagari,eng_hin_Deva_23,constructed legitimate bilingual pair,hin_Deva,
a9a26bb2bbaa713b,mixed_script,He had 2 goals and 2 assists in Washington's 5-3 win over the Atlanta Thrashers. — अटलांटा थ्रैशर्स पर वाशिंगटन की 5-3 की जीत में उन्होंने 2 गोल और 2 असिस्ट किए थे.,FLORES-200,English + Hindi / Devanagari,eng_hin_Deva_24,constructed legitimate bilingual pair,hin_Deva,
fa5e2d331aeaa5ad,mixed_script,Ovechkin's first assist of the night was on the game-winning goal by rookie Nicklas Backstrom; — उस रात रूकी निकल्स बैकस्ट्रॉम के खेल जिताने वाले गोल से ओवेचकिन को सबसे पहली मदद मिली.,FLORES-200,English + Hindi / Devanagari,eng_hin_Deva_25,constructed legitimate bilingual pair,hin_Deva,
3ea94f6b764c62f9,mixed_script,"his second goal of the night was his 60th of the season, becoming the first player to score 60 or more goals in a season since 1995-96, when Jaromir Jagr and Mario Lemieux each reached that milestone. — रात का उनका दूसरा गोल सीज़न का उनका 60वाँ गोल था, जिससे 1995-96 से लेकरजब जोरोमिर जागर और मारियो लेमिएक्स ने इतने गोल किए थे उसके बाद वह एक सीज़न में 60 या इससे अधिक गोल करने वाले पहले खिलाड़ी बन गए हैं.",FLORES-200,English + Hindi / Devanagari,eng_hin_Deva_26,constructed legitimate bilingual pair,hin_Deva,
1ba762e7d0157b85,mixed_script,Batten was ranked 190th on the 2008 400 Richest Americans list with an estimated fortune of $2.3 billion. — 2008 के 400 सबसे अमीर अमेरिकियों की सूची में बैटन को $ 2.3 billion की अनुमानित संपत्ति के साथ 190 वें स्थान पर रखा गया था।,FLORES-200,English + Hindi / Devanagari,eng_hin_Deva_27,constructed legitimate bilingual pair,hin_Deva,
3a74054181ed05cf,mixed_script,He graduated from the College of Arts & Sciences of the University of Virginia in 1950 and was a significant donor to that institution. — उन्होंने 1950 में वर्जीनिया यूनिवर्सिटी के कला और विज्ञान महाविद्यालय से स्नातक की उपाधि हासिल की थी और वे उस संस्था के अहम दानदाता थे.,FLORES-200,English + Hindi / Devanagari,eng_hin_Deva_28,constructed legitimate bilingual pair,hin_Deva,
68d6ea825c7879bd,mixed_script,Iraq's Abu Ghraib prison has been set alight during a riot. — इराक की अबू ग़रीब जेल को दंगे के दौरान आग के हवाले कर दिया गया।,FLORES-200,English + Hindi / Devanagari,eng_hin_Deva_29,constructed legitimate bilingual pair,hin_Deva,
6cfb11f5f638d9ab,mixed_script,"The jail became notorious after prisoner abuse was discovered there after US forces took over. — कैदी दुर्व्यवहार के पता चलने का बाद जेल कुख्यात हो गयी, उसके बाद यू एस सैन्य दलों ने पद भर संभल लिया |",FLORES-200,English + Hindi / Devanagari,eng_hin_Deva_30,constructed legitimate bilingual pair,hin_Deva,
56aec538f5acbb99,mixed_script,"Piquet Jr. crashed in the 2008 Singapore Grand Prix just after an early pit stop for Fernando Alonso, bringing out the safety car. — फ़र्नांडो अलोंसो के लिए एक शुरुआती पिट स्टॉप के बाद पिकेट जूनियर 2008 के सिंगापुर ग्रां प्री में दुर्घटनाग्रस्त हो गया।",FLORES-200,English + Hindi / Devanagari,eng_hin_Deva_31,constructed legitimate bilingual pair,hin_Deva,
fee177a15ca47316,mixed_script,"As the cars ahead of Alonso went in for fuel under the safety car, he moved up the pack to take victory. — जैसे ही अलोंसो के आगे की कारें सेफ्टी कार के नीचे ईंधन लेने के लिए चली गईं, वह जीत दर्ज करने के लिए आगे बढ़ गया।",FLORES-200,English + Hindi / Devanagari,eng_hin_Deva_32,constructed legitimate bilingual pair,hin_Deva,
188aaffe4e02cf14,mixed_script,Piquet Jr. was sacked after the 2009 Hungarian Grand Prix. — पिकेट जूनियर को 2009 हंगरी ग्रैंड प्री के बाद निकाल दिया गया था.,FLORES-200,English + Hindi / Devanagari,eng_hin_Deva_33,constructed legitimate bilingual pair,hin_Deva,
dc9c7451bc404543,mixed_script,"At exactly 8:46 a.m. a hush fell across the city, marking the exact moment the first jet struck its target. — ठीक 8:46 बजे, सुबह पूरे शहर मे चुप्पी फैल गई, ठीक उसी पल पहले जेट ने अपना निशाना बनाया।",FLORES-200,English + Hindi / Devanagari,eng_hin_Deva_34,constructed legitimate bilingual pair,hin_Deva,
a4dc63399da08b46,mixed_script,Two beams of light have been rigged up to point skywards overnight. — रातभर आसमान की ओर देखने के लिए प्रकाश की दो किरणों को तैयार किया गया है.,FLORES-200,English + Hindi / Devanagari,eng_hin_Deva_35,constructed legitimate bilingual pair,hin_Deva,
c2203f92994857a9,mixed_script,"Construction is ongoing for five new skyscrapers at the site, with a transportation center and memorial park in the middle. — साईट पर पांच नई गगनचुम्बी इमारतों पर काम चल रहा है, इन इमारतों के बीच में एक परिवहन केंद्र और स्मारक पार्क होगा।",FLORES-200,English + Hindi / Devanagari,eng_hin_Deva_36,constructed legitimate bilingual pair,hin_Deva,
c591a71a9c405c42,mixed_script,"The PBS show has more than two-dozen Emmy awards, and its run is shorter only than Sesame Street and Mister Rogers' Neighborhood. — इस PBS शो को दो दर्जन से ज़्यादा एमी पुरस्कार मिल चुके हैं. नियमित प्रसारण के मामले में यह सिर्फ़ सीसेम स्ट्रीट और मिस्टर रॉजर नेबरहुड से पीछे है.",FLORES-200,English + Hindi / Devanagari,eng_hin_Deva_37,constructed legitimate bilingual pair,hin_Deva,
e0f527952419c028,mixed_script,Each episode of the show would focus on a theme in a specific book and then explore that theme through multiple stories. — शो का हर एक एपिसोड एक ख़ास पुस्तक की थीम पर केंद्रित होगा और फिर कई कहानियों के माध्यम से उस थीम को खोजेगा.,FLORES-200,English + Hindi / Devanagari,eng_hin_Deva_38,constructed legitimate bilingual pair,hin_Deva,
2b6131047d34d414,mixed_script,Each show would also provide recommendations for books that children should look for when they went to their library. — हर शो में कुछ किताबों के बारे में सलाह भी दी जाएगी. बच्चों को अपनी लाइब्रेरी में जाकर ये किताबें पढ़नी चाहिए.,FLORES-200,English + Hindi / Devanagari,eng_hin_Deva_39,constructed legitimate bilingual pair,hin_Deva,
c6a7caf54c699f56,mixed_script,Hsieh implied during the election that Ma might flee the country during a time of crisis. — هسيه أشار أثناء الانتخابات إلى أن ما قد يهرب من البلاد في وقت المصائب.,FLORES-200,English + Arabic,eng_arb_Arab_20,constructed legitimate bilingual pair,arb_Arab,
ddd3aaace508f1e6,mixed_script,Hsieh also argued that the photogenic Ma was more style than substance. — هسيه جادل أيضاً أن ما الجذاب فوتوغرافياً كان يهتم بالشكل أكثر من الجوهر.,FLORES-200,English + Arabic,eng_arb_Arab_21,constructed legitimate bilingual pair,arb_Arab,
3bd20b4f674df704,mixed_script,"Despite these accusations, Ma won handily on a platform advocating closer ties with the Chinese mainland. — على الرغم من هذه الاتهامات، فاز Ma بسهولة على منصة تدعو إلى توثيق العلاقات مع البر الرئيسي الصيني.",FLORES-200,English + Arabic,eng_arb_Arab_22,constructed legitimate bilingual pair,arb_Arab,
dc0a0b0c3a8b36a7,mixed_script,Today's Player of the Day is Alex Ovechkin of the Washington Capitals. — لاعبنا لليوم أليكس أوفيتشكين وهو أحد لاعبي فريق واشنطن كابيتالز.,FLORES-200,English + Arabic,eng_arb_Arab_23,constructed legitimate bilingual pair,arb_Arab,
b0e1b84061e706e8,mixed_script,He had 2 goals and 2 assists in Washington's 5-3 win over the Atlanta Thrashers. — سجّل هدفين ومرر تمريرتين حاسمتين في المباراة التي تغلّب فيها فريق واشنطن على فريق أتلانتا ثراشرز بنتيجة 5-3.,FLORES-200,English + Arabic,eng_arb_Arab_24,constructed legitimate bilingual pair,arb_Arab,
6d930f3ed1517403,mixed_script,Ovechkin's first assist of the night was on the game-winning goal by rookie Nicklas Backstrom; — مرر أوفشكين التمريرة الحاسمة الأولى له الليلة في هدف الفوز بالمباراة الذي أحرزه الصاعد نيكلاس باكستروم؛,FLORES-200,English + Arabic,eng_arb_Arab_25,constructed legitimate bilingual pair,arb_Arab,
25acf1c35416275d,mixed_script,"his second goal of the night was his 60th of the season, becoming the first player to score 60 or more goals in a season since 1995-96, when Jaromir Jagr and Mario Lemieux each reached that milestone. — وقد كان هدفه الثاني تلك الليلة هو الهدف رقم 60 له في هذا الموسم حتى أصبح اللاعب الأول الذي يحرز 60 أو أكثر من الأهداف في موسم منذ موسم 1995-96 ،عندما وصل كل من جارومير جاجر وماريو ليميكس إلى ذلك اللقب.",FLORES-200,English + Arabic,eng_arb_Arab_26,constructed legitimate bilingual pair,arb_Arab,
d98a7e8b488dfae3,mixed_script,Batten was ranked 190th on the 2008 400 Richest Americans list with an estimated fortune of $2.3 billion. — احتل باتن المركز 190 على قائمة أكثر 400 أمريكي ثراءً لعام 2008 بثروة تبلغ حوالي 2.3 مليار دولار أمريكي.,FLORES-200,English + Arabic,eng_arb_Arab_27,constructed legitimate bilingual pair,arb_Arab,
23d02c0046c6ac5f,mixed_script,He graduated from the College of Arts & Sciences of the University of Virginia in 1950 and was a significant donor to that institution. — تخرّج في كلية الآداب والعلوم في جامعة فرجينيا عام 1950 وكان متبرعًا بارزًا لهذه المؤسسة.,FLORES-200,English + Arabic,eng_arb_Arab_28,constructed legitimate bilingual pair,arb_Arab,
6b881ca1ad2ffe5b,mixed_script,Iraq's Abu Ghraib prison has been set alight during a riot. — اشتعلت النيران في سجن أبو غريب بالعراق أثناء أحداث شغب.,FLORES-200,English + Arabic,eng_arb_Arab_29,constructed legitimate bilingual pair,arb_Arab,
c69775ef19c07089,mixed_script,The jail became notorious after prisoner abuse was discovered there after US forces took over. — بعد سيطرة القوات الأمريكية، أصبح السجن ذو سمعة سيئة وذلك بعد اكتشاف إساءة معاملة السجناء به,FLORES-200,English + Arabic,eng_arb_Arab_30,constructed legitimate bilingual pair,arb_Arab,
55e7fa82d4523d62,mixed_script,"Piquet Jr. crashed in the 2008 Singapore Grand Prix just after an early pit stop for Fernando Alonso, bringing out the safety car. — اصطدم بيكيه جونيور في سباق جائزة سنغافورة الكبرى لعام 2008 بعد توقف فيرناندو ألونسو المبكر بسبب حفرة بينما كان يُحضر سيارة الأمان.",FLORES-200,English + Arabic,eng_arb_Arab_31,constructed legitimate bilingual pair,arb_Arab,
065038a0844d76aa,mixed_script,"As the cars ahead of Alonso went in for fuel under the safety car, he moved up the pack to take victory. — بينما علقت السيارات المتقدمة على ألونسو وراء سيارة الأمان خلال تزودها بالوقود، فقد تصدر المجموعة ليحقق الانتصار.",FLORES-200,English + Arabic,eng_arb_Arab_32,constructed legitimate bilingual pair,arb_Arab,
7ded3d190f021760,mixed_script,Piquet Jr. was sacked after the 2009 Hungarian Grand Prix. — تم استبعاد بيكيه جونيور بعد سباق جائزة المجر الكبرى في 2009,FLORES-200,English + Arabic,eng_arb_Arab_33,constructed legitimate bilingual pair,arb_Arab,
5ebdf0452b2c5da1,mixed_script,"At exactly 8:46 a.m. a hush fell across the city, marking the exact moment the first jet struck its target. — ساد صمت في جميع أنحاء المدينة في تمام الساعة 8:46 صباحاً، مسجلاً اللحظة الدقيقة التي ضربت فيها الطائرة الأولى هدفها.",FLORES-200,English + Arabic,eng_arb_Arab_34,constructed legitimate bilingual pair,arb_Arab,
5fcde262b1c1f2e3,mixed_script,Two beams of light have been rigged up to point skywards overnight. — تم تركيب شعاعين من الضوء حتى يتم توجيههما نحو السماء أثناء الليل.,FLORES-200,English + Arabic,eng_arb_Arab_35,constructed legitimate bilingual pair,arb_Arab,
cda1f3fafe03f72b,mixed_script,"Construction is ongoing for five new skyscrapers at the site, with a transportation center and memorial park in the middle. — ويستمر بناء خمس ناطحات سحابٍ جديدةٍ في الموقع، مع وجود مركز للنقل وحديقةٍ تذكاريةٍ في الوسط.",FLORES-200,English + Arabic,eng_arb_Arab_36,constructed legitimate bilingual pair,arb_Arab,
f7ffdcfdcfceb130,mixed_script,"The PBS show has more than two-dozen Emmy awards, and its run is shorter only than Sesame Street and Mister Rogers' Neighborhood. — حصل برنامج بي بي إس على أكثر من 24 جائزة إيمي وكانت مدة عرضه أقصر من ""سيسم ستريت"" و""ومستر روجرز نيبرهود"".",FLORES-200,English + Arabic,eng_arb_Arab_37,constructed legitimate bilingual pair,arb_Arab,
6a6db0ff0c65e232,mixed_script,Each episode of the show would focus on a theme in a specific book and then explore that theme through multiple stories. — تركز كل حلقة من البرنامج على موضوع في كتاب معين ثم تستكشفه من خلال عدة قصص.,FLORES-200,English + Arabic,eng_arb_Arab_38,constructed legitimate bilingual pair,arb_Arab,
fb162a1ab945972d,mixed_script,Each show would also provide recommendations for books that children should look for when they went to their library. — كما يقدم كل برنامج توصيات عن كتب يجب على الأطفال أن يبحثوا عنها عندما يتوجه كل منهم إلى المكتبة.,FLORES-200,English + Arabic,eng_arb_Arab_39,constructed legitimate bilingual pair,arb_Arab,
39c44b8c588cfb6a,mixed_script,"Hsieh implied during the election that Ma might flee the country during a time of crisis. — Во время проведения выборов Се намекал, что Ма может покинуть страну в случае кризиса.",FLORES-200,English + Russian / Cyrillic,eng_rus_Cyrl_20,constructed legitimate bilingual pair,rus_Cyrl,
3d8b97bcf2248e92,mixed_script,"Hsieh also argued that the photogenic Ma was more style than substance. — Се также утверждал, что фотогеничный Ма больше выделялся внешностью, чем харизмой.",FLORES-200,English + Russian / Cyrillic,eng_rus_Cyrl_21,constructed legitimate bilingual pair,rus_Cyrl,
9a9d92f36ac92ac3,mixed_script,"Despite these accusations, Ma won handily on a platform advocating closer ties with the Chinese mainland. — Несмотря на эти обвинения, Ма легко победил, выступая за более тесные связи с материковой частью Китая.",FLORES-200,English + Russian / Cyrillic,eng_rus_Cyrl_22,constructed legitimate bilingual pair,rus_Cyrl,
9936979284495118,mixed_script,Today's Player of the Day is Alex Ovechkin of the Washington Capitals. — Сегодняшний игрок дня — Алекс Овечкин из Washington Capitals.,FLORES-200,English + Russian / Cyrillic,eng_rus_Cyrl_23,constructed legitimate bilingual pair,rus_Cyrl,
9fead2716ff796b3,mixed_script,"He had 2 goals and 2 assists in Washington's 5-3 win over the Atlanta Thrashers. — У него было 2 гола и 2 передачи в матче футбольного клуба ""Вашингтон"" против ""Атланта Трэшерз"", в котором первый одержал победу со счётом 5-3.",FLORES-200,English + Russian / Cyrillic,eng_rus_Cyrl_24,constructed legitimate bilingual pair,rus_Cyrl,
8a3737f4750afb67,mixed_script,"Ovechkin's first assist of the night was on the game-winning goal by rookie Nicklas Backstrom; — Первая голевая передача Овечкина в тот вечер принесла команде победный гол, выполненный новичком Никласом Бекстрёмом;",FLORES-200,English + Russian / Cyrillic,eng_rus_Cyrl_25,constructed legitimate bilingual pair,rus_Cyrl,
6b3e94428828b1b1,mixed_script,"his second goal of the night was his 60th of the season, becoming the first player to score 60 or more goals in a season since 1995-96, when Jaromir Jagr and Mario Lemieux each reached that milestone. — Его второй целью в этот вечер был его 60-й гол в сезоне, в результате чего он становился первым игроком забившим 60 или больше голов в сезоне с 1995-96 гг., когда Джаромир Джагр  и Марио Лемьо оба добились этого достижения.",FLORES-200,English + Russian / Cyrillic,eng_rus_Cyrl_26,constructed legitimate bilingual pair,rus_Cyrl,
1fb8057e26fefdb9,mixed_script,"Batten was ranked 190th on the 2008 400 Richest Americans list with an estimated fortune of $2.3 billion. — Баттен занял 190-е место в списке 400 богатейших американцев в 2008 году, его состояние оценивалось в 2,3 миллиарда долларов США.",FLORES-200,English + Russian / Cyrillic,eng_rus_Cyrl_27,constructed legitimate bilingual pair,rus_Cyrl,
6b9ac90da803113f,mixed_script,He graduated from the College of Arts & Sciences of the University of Virginia in 1950 and was a significant donor to that institution. — Он окончил колледж искусств и наук Виргинского университета в 1950 году и был важным спонсором этого учреждения.,FLORES-200,English + Russian / Cyrillic,eng_rus_Cyrl_28,constructed legitimate bilingual pair,rus_Cyrl,
729f57209faae3ea,mixed_script,Iraq's Abu Ghraib prison has been set alight during a riot. — Иракская тюрьма Абу-Грейб была подожжена во время бунта.,FLORES-200,English + Russian / Cyrillic,eng_rus_Cyrl_29,constructed legitimate bilingual pair,rus_Cyrl,
d7799bf79469a74e,mixed_script,"The jail became notorious after prisoner abuse was discovered there after US forces took over. — Тюрьма получила скандальную известность после раскрытия издевательств над заключенными, происходивших в ней, когда она перешла под контроль американских военных.",FLORES-200,English + Russian / Cyrillic,eng_rus_Cyrl_30,constructed legitimate bilingual pair,rus_Cyrl,
579c4d2bfe2ade7d,mixed_script,"Piquet Jr. crashed in the 2008 Singapore Grand Prix just after an early pit stop for Fernando Alonso, bringing out the safety car. — Пике-младший попал в аварию на Гран-при Сингапура в 2008 году сразу после раннего пит-стопа Фернандо Алонсо, после чего пришлось задействовать машину безопасности.",FLORES-200,English + Russian / Cyrillic,eng_rus_Cyrl_31,constructed legitimate bilingual pair,rus_Cyrl,
720a2d2e1bb57774,mixed_script,"As the cars ahead of Alonso went in for fuel under the safety car, he moved up the pack to take victory. — Когда машины впереди Алонсо отправились за топливом под машину безопасности, он двинулся вверх, чтобы взять победу.",FLORES-200,English + Russian / Cyrillic,eng_rus_Cyrl_32,constructed legitimate bilingual pair,rus_Cyrl,
3f59191466c2e417,mixed_script,Piquet Jr. was sacked after the 2009 Hungarian Grand Prix. — Пике-младший не был допущен к гонкам после Гран-при Венгрии 2009 года.,FLORES-200,English + Russian / Cyrillic,eng_rus_Cyrl_33,constructed legitimate bilingual pair,rus_Cyrl,
5c745c92df0d65ae,mixed_script,"At exactly 8:46 a.m. a hush fell across the city, marking the exact moment the first jet struck its target. — Ровно в 08:46 весь город замер, обозначив тот самый момент, когда первый самолёт ударил по цели.",FLORES-200,English + Russian / Cyrillic,eng_rus_Cyrl_34,constructed legitimate bilingual pair,rus_Cyrl,
96138c82d26d4691,mixed_script,"Two beams of light have been rigged up to point skywards overnight. — Были установлены два источника света, лучи от которых были направлены в ночное небо.",FLORES-200,English + Russian / Cyrillic,eng_rus_Cyrl_35,constructed legitimate bilingual pair,rus_Cyrl,
25b07638d8967037,mixed_script,"Construction is ongoing for five new skyscrapers at the site, with a transportation center and memorial park in the middle. — На этом месте ведется стройка пяти новых небоскрёбов с транспортным центром и мемориальным парком посередине.",FLORES-200,English + Russian / Cyrillic,eng_rus_Cyrl_36,constructed legitimate bilingual pair,rus_Cyrl,
01acd31995407c2e,mixed_script,"The PBS show has more than two-dozen Emmy awards, and its run is shorter only than Sesame Street and Mister Rogers' Neighborhood. — У этого сериала PBS более двух дюжин наград ""Эмми"", и по продолжительности он уступает только ""Улице Сезам"" и ""Окрестностям дома мистера Роджерса"".",FLORES-200,English + Russian / Cyrillic,eng_rus_Cyrl_37,constructed legitimate bilingual pair,rus_Cyrl,
2b45b78a56759174,mixed_script,Each episode of the show would focus on a theme in a specific book and then explore that theme through multiple stories. — Каждый эпизод шоу будет посвящен теме в определенной книге и потом станет исследовать эту тему с помощью разнообразных историй.,FLORES-200,English + Russian / Cyrillic,eng_rus_Cyrl_38,constructed legitimate bilingual pair,rus_Cyrl,
2d17403fe4b35596,mixed_script,"Each show would also provide recommendations for books that children should look for when they went to their library. — Каждое шоу также даст рекомендацию по поводу книги, которую стоит искать детям, когда они пойдут в библиотеку.",FLORES-200,English + Russian / Cyrillic,eng_rus_Cyrl_39,constructed legitimate bilingual pair,rus_Cyrl,
a53af963f97c4770,mixed_script,Hsieh implied during the election that Ma might flee the country during a time of crisis. — 谢长廷在选举期间暗示，马英九在遇到危机时可能会逃离台湾。,FLORES-200,English + Chinese / Han,eng_zho_Hans_20,constructed legitimate bilingual pair,zho_Hans,
7c73cb71db413394,mixed_script,Hsieh also argued that the photogenic Ma was more style than substance. — 谢长廷还声称马英九虽然很上镜，但中看不中用。,FLORES-200,English + Chinese / Han,eng_zho_Hans_21,constructed legitimate bilingual pair,zho_Hans,
4b380be681eb2610,mixed_script,"Despite these accusations, Ma won handily on a platform advocating closer ties with the Chinese mainland. — 尽管受到这些指责，马英九在一次演讲中主张与中国大陆建立更加紧密的联系，并轻松获胜。",FLORES-200,English + Chinese / Han,eng_zho_Hans_22,constructed legitimate bilingual pair,zho_Hans,
072c951dd909b095,mixed_script,Today's Player of the Day is Alex Ovechkin of the Washington Capitals. — 今日最佳选手是来自华盛顿首都队的亚历克斯·奥韦奇金。,FLORES-200,English + Chinese / Han,eng_zho_Hans_23,constructed legitimate bilingual pair,zho_Hans,
18039ed4f9b62805,mixed_script,He had 2 goals and 2 assists in Washington's 5-3 win over the Atlanta Thrashers. — 在华盛顿队以 5-3 的比分战胜亚特兰大鸫鸟队的比赛中，他贡献了 2 个进球和 2 次助攻。,FLORES-200,English + Chinese / Han,eng_zho_Hans_24,constructed legitimate bilingual pair,zho_Hans,
a61b9183cf81cfef,mixed_script,Ovechkin's first assist of the night was on the game-winning goal by rookie Nicklas Backstrom; — 奥韦奇金（Ovechkin）当晚的第一个助攻，来自新秀尼克拉斯·贝克斯特伦 (Nicklas Backstrom) 的制胜一球;,FLORES-200,English + Chinese / Han,eng_zho_Hans_25,constructed legitimate bilingual pair,zho_Hans,
f236eba92495c23d,mixed_script,"his second goal of the night was his 60th of the season, becoming the first player to score 60 or more goals in a season since 1995-96, when Jaromir Jagr and Mario Lemieux each reached that milestone. — 他当晚的第二个进球是他本赛季的第60个进球，成为自1995-96赛季以来首位在一个赛季中打进60个或更多进球的球员——在1995-96赛季，亚罗米尔·雅格和马里奥·拉缪都达到了这一里程碑。",FLORES-200,English + Chinese / Han,eng_zho_Hans_26,constructed legitimate bilingual pair,zho_Hans,
c708a81cc5de88b8,mixed_script,Batten was ranked 190th on the 2008 400 Richest Americans list with an estimated fortune of $2.3 billion. — 巴滕位列 2008 年全美最富有 400 人榜单第 190 位，预计其财富达到约 23 亿美元。,FLORES-200,English + Chinese / Han,eng_zho_Hans_27,constructed legitimate bilingual pair,zho_Hans,
609480eb42fb47a0,mixed_script,He graduated from the College of Arts & Sciences of the University of Virginia in 1950 and was a significant donor to that institution. — 他在 1950 年毕业于弗吉尼亚大学艺术与科学学院，并且是该校的重要捐赠者。,FLORES-200,English + Chinese / Han,eng_zho_Hans_28,constructed legitimate bilingual pair,zho_Hans,
724fb9e93167fa36,mixed_script,Iraq's Abu Ghraib prison has been set alight during a riot. — 伊拉克的阿布格莱布监狱在一次暴乱中着火。,FLORES-200,English + Chinese / Han,eng_zho_Hans_29,constructed legitimate bilingual pair,zho_Hans,
f0c16a5a77c3e840,mixed_script,The jail became notorious after prisoner abuse was discovered there after US forces took over. — 美军接管后，该监狱发现了虐囚事件，自此变得声名狼藉。,FLORES-200,English + Chinese / Han,eng_zho_Hans_30,constructed legitimate bilingual pair,zho_Hans,
a6066d424107dc12,mixed_script,"Piquet Jr. crashed in the 2008 Singapore Grand Prix just after an early pit stop for Fernando Alonso, bringing out the safety car. — 在 2008 年新加坡大奖赛上，费尔南多·阿隆索提前进站后，小皮奎特发生撞车，迫使安全车出场。",FLORES-200,English + Chinese / Han,eng_zho_Hans_31,constructed legitimate bilingual pair,zho_Hans,
296e324e86a6be04,mixed_script,"As the cars ahead of Alonso went in for fuel under the safety car, he moved up the pack to take victory. — 当位于阿隆索前面的赛车在安全车的引领下进行加油时，他趁机抢先，最终赢得了胜利。",FLORES-200,English + Chinese / Han,eng_zho_Hans_32,constructed legitimate bilingual pair,zho_Hans,
408505eb385d6065,mixed_script,Piquet Jr. was sacked after the 2009 Hungarian Grand Prix. — 小皮奎特在 2009 年匈牙利大奖赛之后被解雇。,FLORES-200,English + Chinese / Han,eng_zho_Hans_33,constructed legitimate bilingual pair,zho_Hans,
a006d670f6b2515c,mixed_script,"At exactly 8:46 a.m. a hush fell across the city, marking the exact moment the first jet struck its target. — 正值上午 8 点 46 分，整座城市陷入了寂静，标示了第一架飞机撞上目标的确切时间。",FLORES-200,English + Chinese / Han,eng_zho_Hans_34,constructed legitimate bilingual pair,zho_Hans,
c83e27bf5591aa9b,mixed_script,Two beams of light have been rigged up to point skywards overnight. — 两束光被临时造出，彻夜指向天空。,FLORES-200,English + Chinese / Han,eng_zho_Hans_35,constructed legitimate bilingual pair,zho_Hans,
49bafb32d047bac4,mixed_script,"Construction is ongoing for five new skyscrapers at the site, with a transportation center and memorial park in the middle. — 该地点正在建设五座新摩天大楼，中间有一个交通中心和纪念公园。",FLORES-200,English + Chinese / Han,eng_zho_Hans_36,constructed legitimate bilingual pair,zho_Hans,
b2c318afd4367636,mixed_script,"The PBS show has more than two-dozen Emmy awards, and its run is shorter only than Sesame Street and Mister Rogers' Neighborhood. — PBS 电视台的这个节目荣获二十多项艾美奖，其播出历史仅次于《芝麻街》和《罗杰斯先生的左邻右舍》。",FLORES-200,English + Chinese / Han,eng_zho_Hans_37,constructed legitimate bilingual pair,zho_Hans,
e3ab3118b640e887,mixed_script,Each episode of the show would focus on a theme in a specific book and then explore that theme through multiple stories. — 每集节目都会聚焦于特定图书中的某个主题，并通过多个故事对该主题展开探索活动。,FLORES-200,English + Chinese / Han,eng_zho_Hans_38,constructed legitimate bilingual pair,zho_Hans,
47b7d31743f8a876,mixed_script,Each show would also provide recommendations for books that children should look for when they went to their library. — 每期节目还会向孩子们提供建议，向推荐他们在去图书馆时应当查阅的书籍。,FLORES-200,English + Chinese / Han,eng_zho_Hans_39,constructed legitimate bilingual pair,zho_Hans,
92289ac0044a530f,mixed_script,Hsieh implied during the election that Ma might flee the country during a time of crisis. — শেই নির্বাচনের সময় সূচিত করেন যে মা হয়তো সংকট-এর মুহূর্তে দেশ ছেড়ে পালিয়ে যেতে পারেন।,FLORES-200,English + Bengali,eng_ben_Beng_20,constructed legitimate bilingual pair,ben_Beng,
47cd36684f3df141,mixed_script,Hsieh also argued that the photogenic Ma was more style than substance. — এছাড়াও সিয়েহ তর্ক করেছে যে বিচ্ছুরিত মা সত্ত্বার থেকে শৈলী বেশি ছিল।,FLORES-200,English + Bengali,eng_ben_Beng_21,constructed legitimate bilingual pair,ben_Beng,
6559e292985b7d14,mixed_script,"Despite these accusations, Ma won handily on a platform advocating closer ties with the Chinese mainland. — এই অভিযোগগুলো সত্ত্বেও, মা চীনের মূল ভূখণ্ডের সাথে নিবিড় সম্পর্কের সমর্থনে প্রচার মাধ্যমে স্বচ্ছন্দে জয়ী হয়েছেন।",FLORES-200,English + Bengali,eng_ben_Beng_22,constructed legitimate bilingual pair,ben_Beng,
abcd6f157e3d1130,mixed_script,Today's Player of the Day is Alex Ovechkin of the Washington Capitals. — আজকের প্লেয়ার অফ দ্য ডে হলেন ওয়াশিংটন ক্যাপিটালসের অ্যালেক্স ওভেককিন।,FLORES-200,English + Bengali,eng_ben_Beng_23,constructed legitimate bilingual pair,ben_Beng,
406efefd3db63c63,mixed_script,He had 2 goals and 2 assists in Washington's 5-3 win over the Atlanta Thrashers. — আটলান্টা থ্রাশারস এর বিরুদ্ধে ওয়াশিংটন এর ৫-৩ গোলে জয়লাভ এর সময় তার দু'টি গোল এবং দু'টি অ্যাসিস্ট ছিল।,FLORES-200,English + Bengali,eng_ben_Beng_24,constructed legitimate bilingual pair,ben_Beng,
01044af4a244bf1c,mixed_script,Ovechkin's first assist of the night was on the game-winning goal by rookie Nicklas Backstrom; — ওভেচকিনের রাতের প্রথম সহায়তা ছিল রুকি নিকলাস ব্যাকস্ট্রম দ্বারা গেম বিজয়ী গোলে;,FLORES-200,English + Bengali,eng_ben_Beng_25,constructed legitimate bilingual pair,ben_Beng,
ce1e0f46de5bde39,mixed_script,"his second goal of the night was his 60th of the season, becoming the first player to score 60 or more goals in a season since 1995-96, when Jaromir Jagr and Mario Lemieux each reached that milestone. — তার সে রাতের দ্বিতীয় গোল ছিল মৌসুমের ৬০তম, প্রথম কোন খেলোয়াড় হয়ে যিনি 1995-96 সাল থেকে একই মৌসুমে 60 বা ততোধিক গোল করেছেন, যখন ইয়ারোমির ইয়াগোর ও মারিও লেমিউ প্রত্যেকে সেই মাইলফলকে পৌঁছেছিলেন।",FLORES-200,English + Bengali,eng_ben_Beng_26,constructed legitimate bilingual pair,ben_Beng,
94d81e858a171328,mixed_script,Batten was ranked 190th on the 2008 400 Richest Americans list with an estimated fortune of $2.3 billion. — ব্যাটেন ২০০৮ সালে আমেরিকার শীর্ষ ৪০০ ধনীর তালিকায় ১৯০তম স্থানে ছিলেন আনুমানিক ২.৩ বিলিয়ন ডলায় সম্পদ নিয়ে।,FLORES-200,English + Bengali,eng_ben_Beng_27,constructed legitimate bilingual pair,ben_Beng,
633d0bdcceb07850,mixed_script,He graduated from the College of Arts & Sciences of the University of Virginia in 1950 and was a significant donor to that institution. — 1950 সালে তিনি ভার্জিনিয়া বিশ্ববিদ্যালয়ের অধীনে কলা ও বিজ্ঞান বিভাগীয় কলেজ থেকে স্নাতক ডিগ্রি লাভ করেছিলেন এবং ওই প্রতিষ্ঠানের একজন গুরুত্বপূর্ণ দাতা ছিলেন।,FLORES-200,English + Bengali,eng_ben_Beng_28,constructed legitimate bilingual pair,ben_Beng,
42e5b8a53481d6fd,mixed_script,Iraq's Abu Ghraib prison has been set alight during a riot. — একটি দাঙ্গার সময় ইরাকের আবু গারিব কারাগারটি জ্বালিয়ে দেয়া হয়েছে।,FLORES-200,English + Bengali,eng_ben_Beng_29,constructed legitimate bilingual pair,ben_Beng,
11ce411314605dd1,mixed_script,The jail became notorious after prisoner abuse was discovered there after US forces took over. — কারাগারে বন্দীদের অত্যাচারের খোঁজ পাওয়ার পরে কারাগারটি কুখ্যাত হয়েছিল এবং তার পরে মার্কিন বাহিনী দায়িত্ব গ্রহণ করেছিল।,FLORES-200,English + Bengali,eng_ben_Beng_30,constructed legitimate bilingual pair,ben_Beng,
2feb9a03af5acd4b,mixed_script,"Piquet Jr. crashed in the 2008 Singapore Grand Prix just after an early pit stop for Fernando Alonso, bringing out the safety car. — 2008 সিঙ্গাপুর গ্রাঁ প্রি–তে ফার্নান্ডো আলোন্সো পিট স্টপ নেওয়ার একটু পরেই পিকেট জুনিয়র ক্র‌্যাশ করেন এবং তার জন্য সেফটি কার আনতে হয়।",FLORES-200,English + Bengali,eng_ben_Beng_31,constructed legitimate bilingual pair,ben_Beng,
f1fcadfe5efe44c6,mixed_script,"As the cars ahead of Alonso went in for fuel under the safety car, he moved up the pack to take victory. — অ্যালোনসোর সামনে থাকা গাড়িগুলি সেফটি কারের নীচে জ্বালানির জন্য চলে যাওয়ায় বিজয়ী হিসাবে তার সঙ্গীদের নিয়ে এগিয়ে যান।",FLORES-200,English + Bengali,eng_ben_Beng_32,constructed legitimate bilingual pair,ben_Beng,
c01d413a66ca2094,mixed_script,Piquet Jr. was sacked after the 2009 Hungarian Grand Prix. — 2009 সালের হাঙ্গেরিয়ান গ্র্যান্ড প্রিক্সের পরে পাইকিট জুনিয়রকে পদচ্যুত করা হয়েছিল।,FLORES-200,English + Bengali,eng_ben_Beng_33,constructed legitimate bilingual pair,ben_Beng,
1f15e26630c0b2e0,mixed_script,"At exactly 8:46 a.m. a hush fell across the city, marking the exact moment the first jet struck its target. — ঠিক সকাল ৮ঃ৪৬এর সময় একটা নিস্তব্ধতা শহর জুড়ে ছড়িয়ে পড়ে, যখন প্রথম জেটটি লক্ষ্যবস্তুকে আঘাতের সময় চিহ্নিত করা হয়।",FLORES-200,English + Bengali,eng_ben_Beng_34,constructed legitimate bilingual pair,ben_Beng,
49384c6c1a48b07e,mixed_script,Two beams of light have been rigged up to point skywards overnight. — রাতারাতি দুটি আলোকরশ্মি আকাশের দিকে তাক করে কার্যপযোগী করা হয়েছে।,FLORES-200,English + Bengali,eng_ben_Beng_35,constructed legitimate bilingual pair,ben_Beng,
f97d1fc3027c1a0a,mixed_script,"Construction is ongoing for five new skyscrapers at the site, with a transportation center and memorial park in the middle. — মধ্যস্থানে একটি পরিবহন কেন্দ্র এবং স্মৃতি উদ্যান সহ সাইটটিতে পাঁচটি নতুন গগণচুম্বী অট্টালিকার নির্মাণ কাজ চলছে।",FLORES-200,English + Bengali,eng_ben_Beng_36,constructed legitimate bilingual pair,ben_Beng,
0a9e8a6abb2e448b,mixed_script,"The PBS show has more than two-dozen Emmy awards, and its run is shorter only than Sesame Street and Mister Rogers' Neighborhood. — PBS শো-এর দু-ডজনেরও বেশি এ্যামি পুরষ্কার রয়েছে এবং এরা কেবল সেসামি স্ট্রিট এবং মিস্টার রজার্সের নেবারহুডের চেয়ে পিছিয়ে।",FLORES-200,English + Bengali,eng_ben_Beng_37,constructed legitimate bilingual pair,ben_Beng,
afa54af6e5367e7a,mixed_script,Each episode of the show would focus on a theme in a specific book and then explore that theme through multiple stories. — অনুষ্ঠানটির প্রত্যেকটি পর্বে নির্দিষ্ট একটি বইয়ের একটি থিমের উপরে আলোকপাত করা হবে এবং তারপরে অনেকগুলি গল্পের মাধ্যমে সেই থিমটি খুঁজে বের করা হবে।,FLORES-200,English + Bengali,eng_ben_Beng_38,constructed legitimate bilingual pair,ben_Beng,
ec3141f15a2c3d1b,mixed_script,Each show would also provide recommendations for books that children should look for when they went to their library. — প্রতিটি অনুষ্ঠান বইয়ের জন্য সুপারিশ সরবরাহও করবে যেগুলি শিশুদের খোঁজা উচিত যখন তারা তাদের লাইব্রেরিতে যাবে।,FLORES-200,English + Bengali,eng_ben_Beng_39,constructed legitimate bilingual pair,ben_Beng,
